"","發病年","居住縣市","性別","是否境外移入","感染國家","病例數"
"1",2001,"台中市","女","否","中華民國",1
"2",2002,"台中市","女","否","中華民國",3
"3",2004,"台中市","女","否","中華民國",1
"4",2011,"台中市","女","否","中華民國",3
"5",2013,"台中市","女","否","中華民國",1
"6",2014,"台中市","女","否","中華民國",8
"7",2015,"台中市","女","否","中華民國",35
"8",2016,"台中市","女","否","中華民國",1
"9",2014,"台中市","女","是","中國大陸",1
"10",2017,"台中市","女","是","中國大陸",1
"11",2012,"台中市","女","是","巴布亞紐幾內亞",1
"12",2015,"台中市","女","是","巴西",1
"13",2001,"台中市","女","是","印尼",1
"14",2002,"台中市","女","是","印尼",1
"15",2005,"台中市","女","是","印尼",2
"16",2006,"台中市","女","是","印尼",2
"17",2007,"台中市","女","是","印尼",1
"18",2008,"台中市","女","是","印尼",3
"19",2009,"台中市","女","是","印尼",6
"20",2010,"台中市","女","是","印尼",4
"21",2011,"台中市","女","是","印尼",3
"22",2012,"台中市","女","是","印尼",3
"23",2013,"台中市","女","是","印尼",3
"24",2014,"台中市","女","是","印尼",6
"25",2015,"台中市","女","是","印尼",6
"26",2016,"台中市","女","是","印尼",7
"27",2006,"台中市","女","是","柬埔寨",1
"28",2010,"台中市","女","是","柬埔寨",2
"29",2012,"台中市","女","是","柬埔寨",1
"30",2014,"台中市","女","是","柬埔寨",1
"31",2005,"台中市","女","是","泰國",2
"32",2006,"台中市","女","是","泰國",1
"33",2009,"台中市","女","是","泰國",3
"34",2010,"台中市","女","是","泰國",1
"35",2011,"台中市","女","是","泰國",1
"36",2013,"台中市","女","是","泰國",2
"37",2015,"台中市","女","是","泰國",2
"38",2016,"台中市","女","是","泰國",3
"39",2017,"台中市","女","是","泰國",2
"40",2002,"台中市","女","是","馬來西亞",1
"41",2005,"台中市","女","是","馬來西亞",1
"42",2010,"台中市","女","是","馬來西亞",1
"43",2012,"台中市","女","是","馬來西亞",2
"44",2013,"台中市","女","是","馬來西亞",2
"45",2014,"台中市","女","是","馬來西亞",2
"46",2015,"台中市","女","是","馬來西亞",5
"47",2016,"台中市","女","是","馬來西亞",2
"48",2017,"台中市","女","是","馬來西亞",6
"49",2018,"台中市","女","是","馬來西亞",1
"50",2004,"台中市","女","是","菲律賓",2
"51",2005,"台中市","女","是","菲律賓",1
"52",2007,"台中市","女","是","菲律賓",1
"53",2009,"台中市","女","是","菲律賓",1
"54",2010,"台中市","女","是","菲律賓",1
"55",2011,"台中市","女","是","菲律賓",1
"56",2012,"台中市","女","是","菲律賓",4
"57",2014,"台中市","女","是","菲律賓",2
"58",2015,"台中市","女","是","菲律賓",3
"59",2016,"台中市","女","是","菲律賓",5
"60",2017,"台中市","女","是","菲律賓",1
"61",2003,"台中市","女","是","越南",1
"62",2004,"台中市","女","是","越南",1
"63",2008,"台中市","女","是","越南",4
"64",2009,"台中市","女","是","越南",1
"65",2010,"台中市","女","是","越南",3
"66",2011,"台中市","女","是","越南",2
"67",2012,"台中市","女","是","越南",3
"68",2015,"台中市","女","是","越南",2
"69",2016,"台中市","女","是","越南",7
"70",2017,"台中市","女","是","越南",6
"71",2010,"台中市","女","是","新加坡",1
"72",2016,"台中市","女","是","新加坡",2
"73",2007,"台中市","女","是","緬甸",1
"74",2013,"台中市","女","是","緬甸",1
"75",2014,"台中市","女","是","緬甸",1
"76",2017,"台中市","女","是","緬甸",1
"77",1998,"台中市","男","否","None",4
"78",2001,"台中市","男","否","中華民國",1
"79",2002,"台中市","男","否","中華民國",3
"80",2004,"台中市","男","否","中華民國",1
"81",2006,"台中市","男","否","中華民國",1
"82",2007,"台中市","男","否","中華民國",2
"83",2011,"台中市","男","否","中華民國",1
"84",2014,"台中市","男","否","中華民國",7
"85",2015,"台中市","男","否","中華民國",42
"86",1998,"台中市","男","是","None",1
"87",1999,"台中市","男","是","None",1
"88",2000,"台中市","男","是","None",1
"89",2017,"台中市","男","是","厄瓜多",1
"90",2016,"台中市","男","是","巴布亞紐幾內亞",1
"91",2002,"台中市","男","是","印尼",1
"92",2004,"台中市","男","是","印尼",1
"93",2005,"台中市","男","是","印尼",1
"94",2007,"台中市","男","是","印尼",6
"95",2008,"台中市","男","是","印尼",2
"96",2009,"台中市","男","是","印尼",9
"97",2010,"台中市","男","是","印尼",3
"98",2012,"台中市","男","是","印尼",2
"99",2013,"台中市","男","是","印尼",2
"100",2014,"台中市","男","是","印尼",2
"101",2015,"台中市","男","是","印尼",2
"102",2016,"台中市","男","是","印尼",8
"103",2017,"台中市","男","是","印尼",2
"104",2010,"台中市","男","是","印度",2
"105",2014,"台中市","男","是","印度",1
"106",2010,"台中市","男","是","孟加拉",2
"107",2011,"台中市","男","是","孟加拉",1
"108",2016,"台中市","男","是","肯亞",1
"109",2003,"台中市","男","是","柬埔寨",1
"110",2004,"台中市","男","是","柬埔寨",1
"111",2006,"台中市","男","是","柬埔寨",1
"112",2007,"台中市","男","是","柬埔寨",1
"113",2011,"台中市","男","是","柬埔寨",1
"114",2015,"台中市","男","是","柬埔寨",4
"115",2017,"台中市","男","是","柬埔寨",1
"116",2002,"台中市","男","是","泰國",2
"117",2003,"台中市","男","是","泰國",2
"118",2004,"台中市","男","是","泰國",2
"119",2005,"台中市","男","是","泰國",2
"120",2006,"台中市","男","是","泰國",1
"121",2007,"台中市","男","是","泰國",1
"122",2008,"台中市","男","是","泰國",2
"123",2009,"台中市","男","是","泰國",1
"124",2010,"台中市","男","是","泰國",4
"125",2011,"台中市","男","是","泰國",3
"126",2012,"台中市","男","是","泰國",1
"127",2013,"台中市","男","是","泰國",5
"128",2014,"台中市","男","是","泰國",3
"129",2015,"台中市","男","是","泰國",1
"130",2016,"台中市","男","是","泰國",5
"131",2017,"台中市","男","是","泰國",2
"132",2002,"台中市","男","是","馬來西亞",1
"133",2004,"台中市","男","是","馬來西亞",1
"134",2010,"台中市","男","是","馬來西亞",1
"135",2012,"台中市","男","是","馬來西亞",1
"136",2014,"台中市","男","是","馬來西亞",5
"137",2015,"台中市","男","是","馬來西亞",5
"138",2016,"台中市","男","是","馬來西亞",2
"139",2017,"台中市","男","是","馬來西亞",1
"140",2016,"台中市","男","是","馬爾地夫",1
"141",2015,"台中市","男","是","斯里蘭卡",1
"142",2001,"台中市","男","是","菲律賓",2
"143",2002,"台中市","男","是","菲律賓",2
"144",2003,"台中市","男","是","菲律賓",1
"145",2004,"台中市","男","是","菲律賓",1
"146",2006,"台中市","男","是","菲律賓",1
"147",2007,"台中市","男","是","菲律賓",2
"148",2008,"台中市","男","是","菲律賓",2
"149",2010,"台中市","男","是","菲律賓",4
"150",2011,"台中市","男","是","菲律賓",5
"151",2012,"台中市","男","是","菲律賓",5
"152",2013,"台中市","男","是","菲律賓",3
"153",2014,"台中市","男","是","菲律賓",1
"154",2015,"台中市","男","是","菲律賓",1
"155",2016,"台中市","男","是","菲律賓",5
"156",2017,"台中市","男","是","菲律賓",3
"157",2002,"台中市","男","是","越南",1
"158",2003,"台中市","男","是","越南",2
"159",2004,"台中市","男","是","越南",1
"160",2005,"台中市","男","是","越南",1
"161",2006,"台中市","男","是","越南",4
"162",2007,"台中市","男","是","越南",7
"163",2008,"台中市","男","是","越南",7
"164",2009,"台中市","男","是","越南",2
"165",2010,"台中市","男","是","越南",6
"166",2011,"台中市","男","是","越南",1
"167",2013,"台中市","男","是","越南",1
"168",2014,"台中市","男","是","越南",3
"169",2015,"台中市","男","是","越南",12
"170",2016,"台中市","男","是","越南",4
"171",2017,"台中市","男","是","越南",12
"172",2001,"台中市","男","是","新加坡",1
"173",2008,"台中市","男","是","新加坡",1
"174",2013,"台中市","男","是","新加坡",2
"175",2014,"台中市","男","是","新加坡",2
"176",2015,"台中市","男","是","新加坡",1
"177",2017,"台中市","男","是","新加坡",1
"178",2001,"台中市","男","是","緬甸",1
"179",2005,"台中市","男","是","緬甸",1
"180",2008,"台中市","男","是","緬甸",1
"181",2009,"台中市","男","是","緬甸",1
"182",2012,"台中市","男","是","緬甸",1
"183",2013,"台中市","男","是","緬甸",1
"184",2014,"台中市","男","是","緬甸",1
"185",2015,"台中市","男","是","緬甸",1
"186",2017,"台中市","男","是","緬甸",2
"187",2015,"台中市","男","是","澳大利亞",1
"188",2014,"台中市","男","是","諾魯",1
"189",2006,"台中市","男","是","薩爾瓦多",1
"190",1998,"台北市","女","否","None",6
"191",1999,"台北市","女","否","None",1
"192",2002,"台北市","女","否","None",3
"193",1998,"台北市","女","否","中華民國",1
"194",2001,"台北市","女","否","中華民國",3
"195",2008,"台北市","女","否","中華民國",8
"196",2010,"台北市","女","否","中華民國",1
"197",2011,"台北市","女","否","中華民國",10
"198",2013,"台北市","女","否","中華民國",3
"199",2014,"台北市","女","否","中華民國",5
"200",2015,"台北市","女","否","中華民國",39
"201",2016,"台北市","女","否","中華民國",3
"202",1999,"台北市","女","是","None",4
"203",2014,"台北市","女","是","中國大陸",2
"204",2001,"台北市","女","是","厄瓜多",1
"205",2002,"台北市","女","是","印尼",1
"206",2003,"台北市","女","是","印尼",1
"207",2005,"台北市","女","是","印尼",1
"208",2007,"台北市","女","是","印尼",5
"209",2008,"台北市","女","是","印尼",7
"210",2009,"台北市","女","是","印尼",9
"211",2010,"台北市","女","是","印尼",9
"212",2011,"台北市","女","是","印尼",1
"213",2012,"台北市","女","是","印尼",5
"214",2013,"台北市","女","是","印尼",8
"215",2014,"台北市","女","是","印尼",7
"216",2015,"台北市","女","是","印尼",10
"217",2016,"台北市","女","是","印尼",6
"218",2017,"台北市","女","是","印尼",4
"219",2009,"台北市","女","是","印度",1
"220",2013,"台北市","女","是","印度",2
"221",2015,"台北市","女","是","印度",2
"222",2016,"台北市","女","是","印度",1
"223",2017,"台北市","女","是","印度",1
"224",2004,"台北市","女","是","孟加拉",1
"225",2006,"台北市","女","是","孟加拉",1
"226",2011,"台北市","女","是","孟加拉",1
"227",2002,"台北市","女","是","柬埔寨",1
"228",2005,"台北市","女","是","柬埔寨",1
"229",2006,"台北市","女","是","柬埔寨",2
"230",2007,"台北市","女","是","柬埔寨",1
"231",2008,"台北市","女","是","柬埔寨",3
"232",2010,"台北市","女","是","柬埔寨",1
"233",2013,"台北市","女","是","柬埔寨",1
"234",2014,"台北市","女","是","柬埔寨",1
"235",2016,"台北市","女","是","柬埔寨",2
"236",2001,"台北市","女","是","泰國",4
"237",2002,"台北市","女","是","泰國",6
"238",2005,"台北市","女","是","泰國",1
"239",2006,"台北市","女","是","泰國",1
"240",2008,"台北市","女","是","泰國",3
"241",2009,"台北市","女","是","泰國",2
"242",2010,"台北市","女","是","泰國",3
"243",2011,"台北市","女","是","泰國",2
"244",2012,"台北市","女","是","泰國",3
"245",2013,"台北市","女","是","泰國",5
"246",2015,"台北市","女","是","泰國",10
"247",2016,"台北市","女","是","泰國",2
"248",2017,"台北市","女","是","泰國",3
"249",2005,"台北市","女","是","馬來西亞",1
"250",2006,"台北市","女","是","馬來西亞",2
"251",2008,"台北市","女","是","馬來西亞",1
"252",2009,"台北市","女","是","馬來西亞",1
"253",2010,"台北市","女","是","馬來西亞",1
"254",2011,"台北市","女","是","馬來西亞",2
"255",2012,"台北市","女","是","馬來西亞",1
"256",2013,"台北市","女","是","馬來西亞",3
"257",2014,"台北市","女","是","馬來西亞",11
"258",2015,"台北市","女","是","馬來西亞",8
"259",2016,"台北市","女","是","馬來西亞",6
"260",2017,"台北市","女","是","馬來西亞",4
"261",2006,"台北市","女","是","馬達加斯加",1
"262",2016,"台北市","女","是","馬爾地夫",1
"263",2017,"台北市","女","是","馬爾地夫",1
"264",2003,"台北市","女","是","菲律賓",1
"265",2004,"台北市","女","是","菲律賓",2
"266",2006,"台北市","女","是","菲律賓",2
"267",2007,"台北市","女","是","菲律賓",2
"268",2008,"台北市","女","是","菲律賓",4
"269",2009,"台北市","女","是","菲律賓",1
"270",2010,"台北市","女","是","菲律賓",2
"271",2011,"台北市","女","是","菲律賓",2
"272",2012,"台北市","女","是","菲律賓",6
"273",2013,"台北市","女","是","菲律賓",2
"274",2014,"台北市","女","是","菲律賓",2
"275",2015,"台北市","女","是","菲律賓",3
"276",2016,"台北市","女","是","菲律賓",2
"277",2017,"台北市","女","是","菲律賓",6
"278",2004,"台北市","女","是","越南",2
"279",2005,"台北市","女","是","越南",3
"280",2007,"台北市","女","是","越南",1
"281",2008,"台北市","女","是","越南",4
"282",2010,"台北市","女","是","越南",2
"283",2011,"台北市","女","是","越南",2
"284",2012,"台北市","女","是","越南",1
"285",2013,"台北市","女","是","越南",1
"286",2016,"台北市","女","是","越南",1
"287",2017,"台北市","女","是","越南",5
"288",2004,"台北市","女","是","新加坡",1
"289",2010,"台北市","女","是","新加坡",2
"290",2011,"台北市","女","是","新加坡",2
"291",2013,"台北市","女","是","新加坡",3
"292",2014,"台北市","女","是","新加坡",1
"293",2015,"台北市","女","是","新加坡",4
"294",2016,"台北市","女","是","新加坡",4
"295",2017,"台北市","女","是","新加坡",3
"296",2013,"台北市","女","是","聖露西亞",1
"297",2017,"台北市","女","是","墨西哥",1
"298",2016,"台北市","女","是","寮國",1
"299",2002,"台北市","女","是","緬甸",1
"300",2007,"台北市","女","是","緬甸",1
"301",2008,"台北市","女","是","緬甸",2
"302",2010,"台北市","女","是","緬甸",1
"303",2012,"台北市","女","是","緬甸",1
"304",2015,"台北市","女","是","緬甸",4
"305",2017,"台北市","女","是","緬甸",4
"306",2014,"台北市","女","是","諾魯",1
"307",1998,"台北市","男","否","None",9
"308",2002,"台北市","男","否","None",2
"309",2001,"台北市","男","否","中華民國",1
"310",2002,"台北市","男","否","中華民國",2
"311",2007,"台北市","男","否","中華民國",1
"312",2008,"台北市","男","否","中華民國",12
"313",2010,"台北市","男","否","中華民國",1
"314",2011,"台北市","男","否","中華民國",14
"315",2012,"台北市","男","否","中華民國",1
"316",2013,"台北市","男","否","中華民國",6
"317",2014,"台北市","男","否","中華民國",8
"318",2015,"台北市","男","否","中華民國",45
"319",2016,"台北市","男","否","中華民國",1
"320",1998,"台北市","男","是","None",2
"321",1999,"台北市","男","是","None",1
"322",2000,"台北市","男","是","None",4
"323",2014,"台北市","男","是","中國大陸",4
"324",2016,"台北市","男","是","巴布亞紐幾內亞",1
"325",2013,"台北市","男","是","巴西",1
"326",2009,"台北市","男","是","巴基斯坦",1
"327",2001,"台北市","男","是","印尼",1
"328",2006,"台北市","男","是","印尼",1
"329",2007,"台北市","男","是","印尼",3
"330",2008,"台北市","男","是","印尼",2
"331",2009,"台北市","男","是","印尼",2
"332",2010,"台北市","男","是","印尼",17
"333",2012,"台北市","男","是","印尼",7
"334",2013,"台北市","男","是","印尼",6
"335",2014,"台北市","男","是","印尼",2
"336",2015,"台北市","男","是","印尼",7
"337",2016,"台北市","男","是","印尼",9
"338",2018,"台北市","男","是","印尼",2
"339",2003,"台北市","男","是","印度",1
"340",2007,"台北市","男","是","印度",1
"341",2008,"台北市","男","是","印度",2
"342",2009,"台北市","男","是","印度",2
"343",2010,"台北市","男","是","印度",3
"344",2011,"台北市","男","是","印度",3
"345",2012,"台北市","男","是","印度",1
"346",2013,"台北市","男","是","印度",1
"347",2017,"台北市","男","是","印度",3
"348",2002,"台北市","男","是","多明尼加",1
"349",2014,"台北市","男","是","沙烏地阿拉伯",1
"350",2006,"台北市","男","是","孟加拉",1
"351",2008,"台北市","男","是","孟加拉",1
"352",2011,"台北市","男","是","孟加拉",2
"353",2012,"台北市","男","是","孟加拉",1
"354",2017,"台北市","男","是","孟加拉",1
"355",2016,"台北市","男","是","帛琉群島",1
"356",2014,"台北市","男","是","法屬玻里尼西亞",1
"357",2017,"台北市","男","是","法屬玻里尼西亞",1
"358",2002,"台北市","男","是","柬埔寨",1
"359",2003,"台北市","男","是","柬埔寨",1
"360",2007,"台北市","男","是","柬埔寨",3
"361",2010,"台北市","男","是","柬埔寨",1
"362",2012,"台北市","男","是","柬埔寨",2
"363",2013,"台北市","男","是","柬埔寨",2
"364",2016,"台北市","男","是","柬埔寨",2
"365",2017,"台北市","男","是","柬埔寨",1
"366",2001,"台北市","男","是","泰國",1
"367",2002,"台北市","男","是","泰國",2
"368",2003,"台北市","男","是","泰國",1
"369",2004,"台北市","男","是","泰國",1
"370",2008,"台北市","男","是","泰國",5
"371",2009,"台北市","男","是","泰國",2
"372",2010,"台北市","男","是","泰國",5
"373",2011,"台北市","男","是","泰國",1
"374",2012,"台北市","男","是","泰國",1
"375",2013,"台北市","男","是","泰國",6
"376",2014,"台北市","男","是","泰國",1
"377",2015,"台北市","男","是","泰國",3
"378",2017,"台北市","男","是","泰國",3
"379",2007,"台北市","男","是","索羅門群島",2
"380",2002,"台北市","男","是","馬來西亞",1
"381",2003,"台北市","男","是","馬來西亞",2
"382",2004,"台北市","男","是","馬來西亞",2
"383",2005,"台北市","男","是","馬來西亞",1
"384",2006,"台北市","男","是","馬來西亞",1
"385",2008,"台北市","男","是","馬來西亞",2
"386",2009,"台北市","男","是","馬來西亞",1
"387",2010,"台北市","男","是","馬來西亞",2
"388",2011,"台北市","男","是","馬來西亞",4
"389",2012,"台北市","男","是","馬來西亞",4
"390",2013,"台北市","男","是","馬來西亞",7
"391",2014,"台北市","男","是","馬來西亞",13
"392",2015,"台北市","男","是","馬來西亞",12
"393",2016,"台北市","男","是","馬來西亞",6
"394",2017,"台北市","男","是","馬來西亞",9
"395",2018,"台北市","男","是","馬來西亞",3
"396",2010,"台北市","男","是","馬爾地夫",1
"397",2015,"台北市","男","是","馬爾地夫",1
"398",2017,"台北市","男","是","馬爾地夫",2
"399",2015,"台北市","男","是","斯里蘭卡",1
"400",2002,"台北市","男","是","菲律賓",1
"401",2003,"台北市","男","是","菲律賓",2
"402",2005,"台北市","男","是","菲律賓",2
"403",2007,"台北市","男","是","菲律賓",2
"404",2008,"台北市","男","是","菲律賓",3
"405",2009,"台北市","男","是","菲律賓",3
"406",2010,"台北市","男","是","菲律賓",3
"407",2011,"台北市","男","是","菲律賓",1
"408",2012,"台北市","男","是","菲律賓",5
"409",2013,"台北市","男","是","菲律賓",3
"410",2014,"台北市","男","是","菲律賓",5
"411",2015,"台北市","男","是","菲律賓",3
"412",2016,"台北市","男","是","菲律賓",8
"413",2017,"台北市","男","是","菲律賓",5
"414",2018,"台北市","男","是","菲律賓",1
"415",2004,"台北市","男","是","越南",1
"416",2005,"台北市","男","是","越南",2
"417",2006,"台北市","男","是","越南",2
"418",2007,"台北市","男","是","越南",5
"419",2008,"台北市","男","是","越南",6
"420",2009,"台北市","男","是","越南",4
"421",2010,"台北市","男","是","越南",2
"422",2011,"台北市","男","是","越南",3
"423",2012,"台北市","男","是","越南",2
"424",2015,"台北市","男","是","越南",1
"425",2016,"台北市","男","是","越南",3
"426",2017,"台北市","男","是","越南",3
"427",2000,"台北市","男","是","新加坡",1
"428",2007,"台北市","男","是","新加坡",2
"429",2008,"台北市","男","是","新加坡",1
"430",2010,"台北市","男","是","新加坡",1
"431",2011,"台北市","男","是","新加坡",1
"432",2013,"台北市","男","是","新加坡",2
"433",2014,"台北市","男","是","新加坡",3
"434",2015,"台北市","男","是","新加坡",3
"435",2016,"台北市","男","是","新加坡",2
"436",2017,"台北市","男","是","新加坡",3
"437",2017,"台北市","男","是","墨西哥",1
"438",2007,"台北市","男","是","寮國",1
"439",2017,"台北市","男","是","寮國",1
"440",2001,"台北市","男","是","緬甸",1
"441",2002,"台北市","男","是","緬甸",1
"442",2004,"台北市","男","是","緬甸",2
"443",2005,"台北市","男","是","緬甸",1
"444",2009,"台北市","男","是","緬甸",1
"445",2010,"台北市","男","是","緬甸",2
"446",2011,"台北市","男","是","緬甸",2
"447",2013,"台北市","男","是","緬甸",1
"448",2014,"台北市","男","是","緬甸",1
"449",2015,"台北市","男","是","緬甸",1
"450",2016,"台北市","男","是","緬甸",3
"451",2017,"台北市","男","是","緬甸",2
"452",2014,"台東縣","女","否","中華民國",8
"453",2015,"台東縣","女","否","中華民國",12
"454",2001,"台東縣","女","是","印尼",1
"455",2005,"台東縣","女","是","印尼",1
"456",2016,"台東縣","女","是","印尼",1
"457",2006,"台東縣","女","是","越南",2
"458",2018,"台東縣","女","是","越南",1
"459",1998,"台東縣","男","否","None",1
"460",2001,"台東縣","男","否","中華民國",1
"461",2009,"台東縣","男","否","中華民國",1
"462",2012,"台東縣","男","否","中華民國",1
"463",2014,"台東縣","男","否","中華民國",8
"464",2015,"台東縣","男","否","中華民國",6
"465",1998,"台東縣","男","是","None",1
"466",2004,"台東縣","男","是","印尼",1
"467",2005,"台東縣","男","是","印尼",3
"468",2005,"台東縣","男","是","柬埔寨",1
"469",2016,"台東縣","男","是","柬埔寨",1
"470",2010,"台東縣","男","是","泰國",1
"471",2016,"台東縣","男","是","菲律賓",1
"472",2005,"台東縣","男","是","越南",1
"473",2012,"台東縣","男","是","越南",1
"474",2016,"台東縣","男","是","越南",1
"475",1998,"台南市","女","否","None",65
"476",1999,"台南市","女","否","None",6
"477",2000,"台南市","女","否","None",54
"478",2002,"台南市","女","否","None",6
"479",2003,"台南市","女","否","None",1
"480",2002,"台南市","女","否","中華民國",38
"481",2003,"台南市","女","否","中華民國",1
"482",2004,"台南市","女","否","中華民國",1
"483",2005,"台南市","女","否","中華民國",36
"484",2006,"台南市","女","否","中華民國",7
"485",2007,"台南市","女","否","中華民國",871
"486",2008,"台南市","女","否","中華民國",10
"487",2009,"台南市","女","否","中華民國",7
"488",2010,"台南市","女","否","中華民國",260
"489",2011,"台南市","女","否","中華民國",48
"490",2012,"台南市","女","否","中華民國",362
"491",2013,"台南市","女","否","中華民國",21
"492",2014,"台南市","女","否","中華民國",62
"493",2015,"台南市","女","否","中華民國",11461
"494",2016,"台南市","女","否","中華民國",6
"495",1998,"台南市","女","是","None",2
"496",1999,"台南市","女","是","None",2
"497",2002,"台南市","女","是","中國大陸",1
"498",2007,"台南市","女","是","中國大陸",5
"499",2014,"台南市","女","是","中國大陸",2
"500",2001,"台南市","女","是","印尼",1
"501",2007,"台南市","女","是","印尼",4
"502",2008,"台南市","女","是","印尼",2
"503",2009,"台南市","女","是","印尼",1
"504",2010,"台南市","女","是","印尼",6
"505",2011,"台南市","女","是","印尼",1
"506",2013,"台南市","女","是","印尼",1
"507",2014,"台南市","女","是","印尼",2
"508",2015,"台南市","女","是","印尼",3
"509",2016,"台南市","女","是","印尼",3
"510",2017,"台南市","女","是","印尼",1
"511",2011,"台南市","女","是","印度",1
"512",2014,"台南市","女","是","孟加拉",1
"513",2004,"台南市","女","是","柬埔寨",1
"514",2007,"台南市","女","是","柬埔寨",1
"515",2009,"台南市","女","是","柬埔寨",1
"516",2012,"台南市","女","是","柬埔寨",1
"517",2015,"台南市","女","是","柬埔寨",1
"518",2018,"台南市","女","是","柬埔寨",1
"519",2015,"台南市","女","是","哥斯大黎加",1
"520",2001,"台南市","女","是","泰國",1
"521",2007,"台南市","女","是","泰國",1
"522",2008,"台南市","女","是","泰國",1
"523",2013,"台南市","女","是","泰國",2
"524",2015,"台南市","女","是","泰國",1
"525",2010,"台南市","女","是","秘魯",1
"526",2007,"台南市","女","是","馬來西亞",2
"527",2008,"台南市","女","是","馬來西亞",1
"528",2012,"台南市","女","是","馬來西亞",1
"529",2014,"台南市","女","是","馬來西亞",1
"530",2017,"台南市","女","是","馬來西亞",3
"531",2003,"台南市","女","是","菲律賓",1
"532",2004,"台南市","女","是","菲律賓",1
"533",2007,"台南市","女","是","菲律賓",1
"534",2011,"台南市","女","是","菲律賓",5
"535",2014,"台南市","女","是","菲律賓",2
"536",2015,"台南市","女","是","菲律賓",1
"537",2016,"台南市","女","是","菲律賓",3
"538",2002,"台南市","女","是","越南",1
"539",2004,"台南市","女","是","越南",1
"540",2006,"台南市","女","是","越南",1
"541",2007,"台南市","女","是","越南",2
"542",2008,"台南市","女","是","越南",2
"543",2009,"台南市","女","是","越南",1
"544",2010,"台南市","女","是","越南",1
"545",2011,"台南市","女","是","越南",1
"546",2012,"台南市","女","是","越南",2
"547",2013,"台南市","女","是","越南",1
"548",2015,"台南市","女","是","越南",1
"549",2016,"台南市","女","是","越南",3
"550",2017,"台南市","女","是","越南",3
"551",2005,"台南市","女","是","新加坡",1
"552",2016,"台南市","女","是","新加坡",2
"553",1998,"台南市","男","否","None",76
"554",1999,"台南市","男","否","None",2
"555",2000,"台南市","男","否","None",55
"556",2002,"台南市","男","否","None",7
"557",2001,"台南市","男","否","中華民國",1
"558",2002,"台南市","男","否","中華民國",33
"559",2004,"台南市","男","否","中華民國",3
"560",2005,"台南市","男","否","中華民國",24
"561",2006,"台南市","男","否","中華民國",1
"562",2007,"台南市","男","否","中華民國",933
"563",2008,"台南市","男","否","中華民國",17
"564",2009,"台南市","男","否","中華民國",3
"565",2010,"台南市","男","否","中華民國",227
"566",2011,"台南市","男","否","中華民國",47
"567",2012,"台南市","男","否","中華民國",382
"568",2013,"台南市","男","否","中華民國",17
"569",2014,"台南市","男","否","中華民國",94
"570",2015,"台南市","男","否","中華民國",11299
"571",2016,"台南市","男","否","中華民國",4
"572",1999,"台南市","男","是","None",1
"573",2000,"台南市","男","是","None",1
"574",2007,"台南市","男","是","中國大陸",4
"575",2013,"台南市","男","是","中國大陸",1
"576",2014,"台南市","男","是","中國大陸",4
"577",2016,"台南市","男","是","中國大陸",1
"578",2001,"台南市","男","是","印尼",1
"579",2002,"台南市","男","是","印尼",2
"580",2003,"台南市","男","是","印尼",1
"581",2005,"台南市","男","是","印尼",2
"582",2006,"台南市","男","是","印尼",1
"583",2007,"台南市","男","是","印尼",4
"584",2008,"台南市","男","是","印尼",2
"585",2010,"台南市","男","是","印尼",1
"586",2012,"台南市","男","是","印尼",1
"587",2013,"台南市","男","是","印尼",1
"588",2014,"台南市","男","是","印尼",1
"589",2015,"台南市","男","是","印尼",1
"590",2016,"台南市","男","是","印尼",3
"591",2017,"台南市","男","是","印尼",1
"592",2009,"台南市","男","是","印度",1
"593",2010,"台南市","男","是","印度",3
"594",2011,"台南市","男","是","印度",2
"595",2014,"台南市","男","是","印度",1
"596",2017,"台南市","男","是","印度",3
"597",2005,"台南市","男","是","柬埔寨",1
"598",2007,"台南市","男","是","柬埔寨",2
"599",2009,"台南市","男","是","柬埔寨",1
"600",2013,"台南市","男","是","柬埔寨",1
"601",2018,"台南市","男","是","柬埔寨",1
"602",2002,"台南市","男","是","泰國",1
"603",2003,"台南市","男","是","泰國",1
"604",2004,"台南市","男","是","泰國",2
"605",2006,"台南市","男","是","泰國",1
"606",2007,"台南市","男","是","泰國",1
"607",2008,"台南市","男","是","泰國",1
"608",2010,"台南市","男","是","泰國",1
"609",2011,"台南市","男","是","泰國",1
"610",2013,"台南市","男","是","泰國",3
"611",2016,"台南市","男","是","泰國",1
"612",2017,"台南市","男","是","泰國",1
"613",2007,"台南市","男","是","馬來西亞",1
"614",2010,"台南市","男","是","馬來西亞",2
"615",2013,"台南市","男","是","馬來西亞",1
"616",2014,"台南市","男","是","馬來西亞",2
"617",2015,"台南市","男","是","馬來西亞",2
"618",2016,"台南市","男","是","馬來西亞",1
"619",2001,"台南市","男","是","菲律賓",1
"620",2003,"台南市","男","是","菲律賓",1
"621",2010,"台南市","男","是","菲律賓",2
"622",2011,"台南市","男","是","菲律賓",3
"623",2012,"台南市","男","是","菲律賓",2
"624",2013,"台南市","男","是","菲律賓",1
"625",2014,"台南市","男","是","菲律賓",1
"626",2015,"台南市","男","是","菲律賓",2
"627",2016,"台南市","男","是","菲律賓",6
"628",2017,"台南市","男","是","菲律賓",3
"629",2006,"台南市","男","是","越南",3
"630",2007,"台南市","男","是","越南",5
"631",2008,"台南市","男","是","越南",6
"632",2009,"台南市","男","是","越南",3
"633",2010,"台南市","男","是","越南",1
"634",2011,"台南市","男","是","越南",3
"635",2012,"台南市","男","是","越南",3
"636",2013,"台南市","男","是","越南",1
"637",2014,"台南市","男","是","越南",1
"638",2015,"台南市","男","是","越南",3
"639",2016,"台南市","男","是","越南",4
"640",2017,"台南市","男","是","越南",3
"641",2016,"台南市","男","是","新加坡",1
"642",2014,"台南市","男","是","緬甸",1
"643",2015,"台南市","男","是","緬甸",1
"644",2007,"宜蘭縣","女","否","中華民國",1
"645",2015,"宜蘭縣","女","否","中華民國",3
"646",2016,"宜蘭縣","女","否","中華民國",1
"647",2001,"宜蘭縣","女","是","印尼",1
"648",2007,"宜蘭縣","女","是","印尼",1
"649",2015,"宜蘭縣","女","是","印尼",1
"650",2017,"宜蘭縣","女","是","印尼",1
"651",2001,"宜蘭縣","女","是","泰國",1
"652",2012,"宜蘭縣","女","是","菲律賓",3
"653",2013,"宜蘭縣","女","是","菲律賓",1
"654",2003,"宜蘭縣","女","是","越南",1
"655",2004,"宜蘭縣","女","是","越南",2
"656",1998,"宜蘭縣","男","否","None",2
"657",2011,"宜蘭縣","男","否","中華民國",1
"658",2014,"宜蘭縣","男","否","中華民國",1
"659",2015,"宜蘭縣","男","否","中華民國",2
"660",1998,"宜蘭縣","男","是","None",1
"661",2015,"宜蘭縣","男","是","巴西",1
"662",2005,"宜蘭縣","男","是","印尼",1
"663",2007,"宜蘭縣","男","是","印尼",1
"664",2008,"宜蘭縣","男","是","印尼",1
"665",2010,"宜蘭縣","男","是","印尼",1
"666",2015,"宜蘭縣","男","是","印尼",1
"667",2017,"宜蘭縣","男","是","印尼",1
"668",2003,"宜蘭縣","男","是","柬埔寨",1
"669",2010,"宜蘭縣","男","是","柬埔寨",1
"670",2010,"宜蘭縣","男","是","泰國",1
"671",2013,"宜蘭縣","男","是","泰國",1
"672",2004,"宜蘭縣","男","是","菲律賓",1
"673",2006,"宜蘭縣","男","是","菲律賓",1
"674",2012,"宜蘭縣","男","是","菲律賓",4
"675",2016,"宜蘭縣","男","是","菲律賓",1
"676",2009,"宜蘭縣","男","是","越南",2
"677",2011,"宜蘭縣","男","是","越南",1
"678",2016,"宜蘭縣","男","是","越南",1
"679",2017,"宜蘭縣","男","是","緬甸",1
"680",2002,"花蓮縣","女","否","None",3
"681",2015,"花蓮縣","女","否","中華民國",5
"682",2008,"花蓮縣","女","是","印尼",1
"683",2009,"花蓮縣","女","是","印尼",1
"684",2012,"花蓮縣","女","是","印尼",1
"685",2013,"花蓮縣","女","是","印尼",1
"686",2014,"花蓮縣","女","是","印尼",1
"687",2016,"花蓮縣","女","是","印尼",1
"688",2015,"花蓮縣","女","是","印度",1
"689",2015,"花蓮縣","女","是","泰國",1
"690",2010,"花蓮縣","女","是","馬來西亞",1
"691",2013,"花蓮縣","女","是","馬來西亞",1
"692",2014,"花蓮縣","女","是","馬來西亞",1
"693",2015,"花蓮縣","女","是","馬來西亞",1
"694",2015,"花蓮縣","女","是","菲律賓",1
"695",2007,"花蓮縣","女","是","越南",1
"696",2005,"花蓮縣","女","是","緬甸",1
"697",2002,"花蓮縣","男","否","None",1
"698",2014,"花蓮縣","男","否","中華民國",1
"699",2015,"花蓮縣","男","否","中華民國",4
"700",1998,"花蓮縣","男","是","None",1
"701",2009,"花蓮縣","男","是","印尼",1
"702",2015,"花蓮縣","男","是","印尼",1
"703",2017,"花蓮縣","男","是","印尼",1
"704",2009,"花蓮縣","男","是","泰國",1
"705",2015,"花蓮縣","男","是","泰國",1
"706",2016,"花蓮縣","男","是","馬來西亞",1
"707",2005,"花蓮縣","男","是","菲律賓",1
"708",2013,"花蓮縣","男","是","菲律賓",1
"709",2015,"花蓮縣","男","是","菲律賓",1
"710",2005,"花蓮縣","男","是","越南",1
"711",2008,"花蓮縣","男","是","越南",1
"712",2010,"花蓮縣","男","是","緬甸",1
"713",2009,"金門縣","女","是","印尼",1
"714",2015,"金門縣","男","否","中華民國",3
"715",2009,"金門縣","男","是","印尼",1
"716",2005,"金門縣","男","是","貝里斯",1
"717",2011,"金門縣","男","是","菲律賓",1
"718",2010,"金門縣","男","是","越南",1
"719",2015,"金門縣","男","是","緬甸",1
"720",1998,"南投縣","女","否","None",3
"721",2002,"南投縣","女","否","中華民國",1
"722",2007,"南投縣","女","否","中華民國",1
"723",2015,"南投縣","女","否","中華民國",4
"724",2010,"南投縣","女","是","印尼",1
"725",2011,"南投縣","女","是","印尼",1
"726",2013,"南投縣","女","是","印尼",2
"727",2014,"南投縣","女","是","印尼",1
"728",2007,"南投縣","女","是","柬埔寨",1
"729",2010,"南投縣","女","是","柬埔寨",1
"730",2011,"南投縣","女","是","柬埔寨",1
"731",2012,"南投縣","女","是","柬埔寨",1
"732",2013,"南投縣","女","是","柬埔寨",1
"733",2015,"南投縣","女","是","柬埔寨",1
"734",2016,"南投縣","女","是","柬埔寨",1
"735",2017,"南投縣","女","是","泰國",1
"736",2013,"南投縣","女","是","馬來西亞",1
"737",2016,"南投縣","女","是","馬來西亞",1
"738",2012,"南投縣","女","是","菲律賓",1
"739",2007,"南投縣","女","是","越南",1
"740",2008,"南投縣","女","是","越南",2
"741",2012,"南投縣","女","是","越南",1
"742",2015,"南投縣","女","是","越南",1
"743",2017,"南投縣","女","是","越南",2
"744",1998,"南投縣","男","否","None",2
"745",2007,"南投縣","男","否","中華民國",1
"746",2014,"南投縣","男","否","中華民國",2
"747",2015,"南投縣","男","否","中華民國",3
"748",1998,"南投縣","男","是","None",1
"749",2013,"南投縣","男","是","中國大陸",1
"750",2015,"南投縣","男","是","中國大陸",1
"751",2005,"南投縣","男","是","印尼",1
"752",2006,"南投縣","男","是","印尼",2
"753",2009,"南投縣","男","是","印尼",2
"754",2010,"南投縣","男","是","印尼",2
"755",2011,"南投縣","男","是","印尼",1
"756",2013,"南投縣","男","是","印尼",1
"757",2016,"南投縣","男","是","印尼",1
"758",2014,"南投縣","男","是","印度",1
"759",2011,"南投縣","男","是","柬埔寨",1
"760",2018,"南投縣","男","是","柬埔寨",1
"761",2001,"南投縣","男","是","泰國",1
"762",2007,"南投縣","男","是","泰國",1
"763",2008,"南投縣","男","是","泰國",1
"764",2010,"南投縣","男","是","泰國",1
"765",2013,"南投縣","男","是","馬來西亞",1
"766",2015,"南投縣","男","是","馬來西亞",2
"767",2017,"南投縣","男","是","馬來西亞",3
"768",2016,"南投縣","男","是","馬爾地夫",1
"769",2017,"南投縣","男","是","馬爾地夫",1
"770",2004,"南投縣","男","是","菲律賓",1
"771",2007,"南投縣","男","是","菲律賓",1
"772",2012,"南投縣","男","是","菲律賓",1
"773",2016,"南投縣","男","是","菲律賓",1
"774",2004,"南投縣","男","是","越南",1
"775",2005,"南投縣","男","是","越南",1
"776",2009,"南投縣","男","是","越南",1
"777",2015,"南投縣","男","是","越南",1
"778",2016,"南投縣","男","是","越南",1
"779",2017,"南投縣","男","是","越南",2
"780",1998,"屏東縣","女","否","None",1
"781",2000,"屏東縣","女","否","None",1
"782",2002,"屏東縣","女","否","None",193
"783",2003,"屏東縣","女","否","None",4
"784",2002,"屏東縣","女","否","中華民國",6
"785",2003,"屏東縣","女","否","中華民國",2
"786",2004,"屏東縣","女","否","中華民國",146
"787",2005,"屏東縣","女","否","中華民國",2
"788",2006,"屏東縣","女","否","中華民國",5
"789",2007,"屏東縣","女","否","中華民國",1
"790",2009,"屏東縣","女","否","中華民國",38
"791",2010,"屏東縣","女","否","中華民國",3
"792",2011,"屏東縣","女","否","中華民國",81
"793",2013,"屏東縣","女","否","中華民國",246
"794",2014,"屏東縣","女","否","中華民國",99
"795",2015,"屏東縣","女","否","中華民國",192
"796",2016,"屏東縣","女","否","中華民國",13
"797",1998,"屏東縣","女","是","None",3
"798",1999,"屏東縣","女","是","None",1
"799",2000,"屏東縣","女","是","None",2
"800",2002,"屏東縣","女","是","印尼",1
"801",2004,"屏東縣","女","是","印尼",1
"802",2006,"屏東縣","女","是","印尼",1
"803",2007,"屏東縣","女","是","印尼",1
"804",2009,"屏東縣","女","是","印尼",1
"805",2013,"屏東縣","女","是","印尼",1
"806",2015,"屏東縣","女","是","印尼",1
"807",2016,"屏東縣","女","是","印尼",4
"808",2008,"屏東縣","女","是","印度",1
"809",2016,"屏東縣","女","是","柬埔寨",1
"810",2010,"屏東縣","女","是","泰國",1
"811",2015,"屏東縣","女","是","泰國",1
"812",2015,"屏東縣","女","是","馬來西亞",1
"813",2003,"屏東縣","女","是","菲律賓",1
"814",2004,"屏東縣","女","是","菲律賓",1
"815",2007,"屏東縣","女","是","菲律賓",1
"816",2008,"屏東縣","女","是","菲律賓",1
"817",2015,"屏東縣","女","是","菲律賓",1
"818",2016,"屏東縣","女","是","菲律賓",1
"819",2018,"屏東縣","女","是","菲律賓",1
"820",2004,"屏東縣","女","是","越南",3
"821",2005,"屏東縣","女","是","越南",1
"822",2006,"屏東縣","女","是","越南",1
"823",2007,"屏東縣","女","是","越南",1
"824",2009,"屏東縣","女","是","越南",1
"825",2015,"屏東縣","女","是","越南",1
"826",2008,"屏東縣","女","是","新加坡",2
"827",1998,"屏東縣","男","否","None",8
"828",2000,"屏東縣","男","否","None",1
"829",2002,"屏東縣","男","否","None",172
"830",2003,"屏東縣","男","否","None",6
"831",2001,"屏東縣","男","否","中華民國",1
"832",2002,"屏東縣","男","否","中華民國",9
"833",2004,"屏東縣","男","否","中華民國",135
"834",2005,"屏東縣","男","否","中華民國",2
"835",2006,"屏東縣","男","否","中華民國",5
"836",2008,"屏東縣","男","否","中華民國",1
"837",2009,"屏東縣","男","否","中華民國",38
"838",2010,"屏東縣","男","否","中華民國",7
"839",2011,"屏東縣","男","否","中華民國",68
"840",2012,"屏東縣","男","否","中華民國",1
"841",2013,"屏東縣","男","否","中華民國",229
"842",2014,"屏東縣","男","否","中華民國",124
"843",2015,"屏東縣","男","否","中華民國",210
"844",2016,"屏東縣","男","否","中華民國",8
"845",1998,"屏東縣","男","是","None",1
"846",1999,"屏東縣","男","是","None",1
"847",2001,"屏東縣","男","是","印尼",1
"848",2002,"屏東縣","男","是","印尼",2
"849",2003,"屏東縣","男","是","印尼",2
"850",2005,"屏東縣","男","是","印尼",5
"851",2007,"屏東縣","男","是","印尼",1
"852",2008,"屏東縣","男","是","印尼",4
"853",2009,"屏東縣","男","是","印尼",1
"854",2012,"屏東縣","男","是","印尼",2
"855",2013,"屏東縣","男","是","印尼",1
"856",2014,"屏東縣","男","是","印尼",3
"857",2015,"屏東縣","男","是","印尼",1
"858",2016,"屏東縣","男","是","印尼",4
"859",2017,"屏東縣","男","是","印尼",2
"860",2002,"屏東縣","男","是","柬埔寨",1
"861",2004,"屏東縣","男","是","柬埔寨",1
"862",2006,"屏東縣","男","是","柬埔寨",1
"863",2017,"屏東縣","男","是","柬埔寨",2
"864",2003,"屏東縣","男","是","泰國",1
"865",2004,"屏東縣","男","是","泰國",1
"866",2006,"屏東縣","男","是","泰國",1
"867",2007,"屏東縣","男","是","泰國",1
"868",2008,"屏東縣","男","是","泰國",1
"869",2010,"屏東縣","男","是","泰國",1
"870",2012,"屏東縣","男","是","泰國",1
"871",2014,"屏東縣","男","是","泰國",1
"872",2015,"屏東縣","男","是","泰國",1
"873",2016,"屏東縣","男","是","泰國",1
"874",2017,"屏東縣","男","是","泰國",1
"875",2015,"屏東縣","男","是","馬來西亞",1
"876",2015,"屏東縣","男","是","馬爾地夫",1
"877",2001,"屏東縣","男","是","菲律賓",1
"878",2003,"屏東縣","男","是","菲律賓",1
"879",2005,"屏東縣","男","是","菲律賓",1
"880",2007,"屏東縣","男","是","菲律賓",1
"881",2009,"屏東縣","男","是","菲律賓",1
"882",2010,"屏東縣","男","是","菲律賓",1
"883",2013,"屏東縣","男","是","菲律賓",1
"884",2015,"屏東縣","男","是","菲律賓",1
"885",2016,"屏東縣","男","是","菲律賓",2
"886",2017,"屏東縣","男","是","菲律賓",1
"887",2002,"屏東縣","男","是","越南",1
"888",2006,"屏東縣","男","是","越南",3
"889",2009,"屏東縣","男","是","越南",1
"890",2010,"屏東縣","男","是","越南",3
"891",2012,"屏東縣","男","是","越南",1
"892",2013,"屏東縣","男","是","越南",1
"893",2015,"屏東縣","男","是","越南",1
"894",2016,"屏東縣","男","是","越南",1
"895",2017,"屏東縣","男","是","越南",2
"896",2005,"屏東縣","男","是","新加坡",1
"897",2014,"屏東縣","男","是","新加坡",1
"898",2013,"屏東縣","男","是","寮國",1
"899",2015,"屏東縣","男","是","寮國",1
"900",2010,"屏東縣","男","是","緬甸",1
"901",2011,"苗栗縣","女","否","中華民國",1
"902",2014,"苗栗縣","女","否","中華民國",2
"903",2015,"苗栗縣","女","否","中華民國",4
"904",2005,"苗栗縣","女","是","印尼",2
"905",2010,"苗栗縣","女","是","印尼",1
"906",2012,"苗栗縣","女","是","印尼",1
"907",2013,"苗栗縣","女","是","印尼",1
"908",2014,"苗栗縣","女","是","印尼",1
"909",2015,"苗栗縣","女","是","印尼",2
"910",2016,"苗栗縣","女","是","印尼",2
"911",2016,"苗栗縣","女","是","泰國",1
"912",2004,"苗栗縣","女","是","菲律賓",1
"913",2007,"苗栗縣","女","是","菲律賓",1
"914",2011,"苗栗縣","女","是","菲律賓",1
"915",2012,"苗栗縣","女","是","菲律賓",1
"916",2008,"苗栗縣","女","是","越南",1
"917",2010,"苗栗縣","女","是","越南",1
"918",2011,"苗栗縣","女","是","越南",1
"919",2013,"苗栗縣","女","是","越南",2
"920",2015,"苗栗縣","女","是","越南",1
"921",2016,"苗栗縣","女","是","越南",1
"922",2017,"苗栗縣","女","是","越南",1
"923",2014,"苗栗縣","女","是","新加坡",1
"924",2007,"苗栗縣","男","否","中華民國",1
"925",2012,"苗栗縣","男","否","中華民國",1
"926",2015,"苗栗縣","男","否","中華民國",3
"927",2000,"苗栗縣","男","是","None",1
"928",2005,"苗栗縣","男","是","印尼",2
"929",2009,"苗栗縣","男","是","印尼",1
"930",2013,"苗栗縣","男","是","印尼",2
"931",2015,"苗栗縣","男","是","印尼",1
"932",2016,"苗栗縣","男","是","印尼",3
"933",2017,"苗栗縣","男","是","印尼",1
"934",2010,"苗栗縣","男","是","孟加拉",1
"935",2011,"苗栗縣","男","是","柬埔寨",1
"936",2016,"苗栗縣","男","是","柬埔寨",1
"937",2013,"苗栗縣","男","是","泰國",1
"938",2004,"苗栗縣","男","是","馬來西亞",1
"939",2010,"苗栗縣","男","是","馬來西亞",1
"940",2015,"苗栗縣","男","是","馬來西亞",1
"941",2016,"苗栗縣","男","是","馬來西亞",1
"942",2002,"苗栗縣","男","是","菲律賓",1
"943",2003,"苗栗縣","男","是","菲律賓",1
"944",2007,"苗栗縣","男","是","菲律賓",1
"945",2012,"苗栗縣","男","是","菲律賓",1
"946",2016,"苗栗縣","男","是","菲律賓",1
"947",2007,"苗栗縣","男","是","越南",1
"948",2008,"苗栗縣","男","是","越南",3
"949",2009,"苗栗縣","男","是","越南",2
"950",2010,"苗栗縣","男","是","越南",3
"951",2012,"苗栗縣","男","是","越南",1
"952",2013,"苗栗縣","男","是","越南",1
"953",2015,"苗栗縣","男","是","越南",1
"954",2017,"苗栗縣","男","是","越南",2
"955",2009,"苗栗縣","男","是","新加坡",2
"956",2015,"苗栗縣","男","是","緬甸",1
"957",2016,"苗栗縣","男","是","緬甸",1
"958",1998,"桃園市","女","否","None",2
"959",2002,"桃園市","女","否","中華民國",3
"960",2007,"桃園市","女","否","中華民國",2
"961",2008,"桃園市","女","否","中華民國",2
"962",2009,"桃園市","女","否","中華民國",1
"963",2010,"桃園市","女","否","中華民國",1
"964",2012,"桃園市","女","否","中華民國",2
"965",2013,"桃園市","女","否","中華民國",1
"966",2014,"桃園市","女","否","中華民國",1
"967",2015,"桃園市","女","否","中華民國",18
"968",1998,"桃園市","女","是","None",1
"969",2000,"桃園市","女","是","None",2
"970",2010,"桃園市","女","是","未知",1
"971",2004,"桃園市","女","是","印尼",3
"972",2005,"桃園市","女","是","印尼",1
"973",2006,"桃園市","女","是","印尼",1
"974",2007,"桃園市","女","是","印尼",3
"975",2008,"桃園市","女","是","印尼",3
"976",2009,"桃園市","女","是","印尼",7
"977",2010,"桃園市","女","是","印尼",4
"978",2011,"桃園市","女","是","印尼",2
"979",2012,"桃園市","女","是","印尼",2
"980",2013,"桃園市","女","是","印尼",3
"981",2014,"桃園市","女","是","印尼",4
"982",2015,"桃園市","女","是","印尼",2
"983",2016,"桃園市","女","是","印尼",8
"984",2017,"桃園市","女","是","印尼",2
"985",2013,"桃園市","女","是","印度",1
"986",2004,"桃園市","女","是","柬埔寨",1
"987",2006,"桃園市","女","是","柬埔寨",1
"988",2015,"桃園市","女","是","柬埔寨",1
"989",2016,"桃園市","女","是","柬埔寨",1
"990",2002,"桃園市","女","是","泰國",2
"991",2003,"桃園市","女","是","泰國",1
"992",2004,"桃園市","女","是","泰國",1
"993",2005,"桃園市","女","是","泰國",2
"994",2009,"桃園市","女","是","泰國",7
"995",2010,"桃園市","女","是","泰國",2
"996",2011,"桃園市","女","是","泰國",2
"997",2012,"桃園市","女","是","泰國",3
"998",2013,"桃園市","女","是","泰國",9
"999",2015,"桃園市","女","是","泰國",1
"1000",2016,"桃園市","女","是","泰國",3
"1001",2017,"桃園市","女","是","泰國",3
"1002",2010,"桃園市","女","是","馬來西亞",2
"1003",2011,"桃園市","女","是","馬來西亞",3
"1004",2012,"桃園市","女","是","馬來西亞",1
"1005",2013,"桃園市","女","是","馬來西亞",3
"1006",2015,"桃園市","女","是","馬來西亞",2
"1007",2016,"桃園市","女","是","馬來西亞",4
"1008",2017,"桃園市","女","是","馬爾地夫",1
"1009",2003,"桃園市","女","是","菲律賓",1
"1010",2005,"桃園市","女","是","菲律賓",1
"1011",2006,"桃園市","女","是","菲律賓",4
"1012",2008,"桃園市","女","是","菲律賓",3
"1013",2010,"桃園市","女","是","菲律賓",2
"1014",2011,"桃園市","女","是","菲律賓",1
"1015",2012,"桃園市","女","是","菲律賓",1
"1016",2013,"桃園市","女","是","菲律賓",3
"1017",2014,"桃園市","女","是","菲律賓",3
"1018",2015,"桃園市","女","是","菲律賓",5
"1019",2016,"桃園市","女","是","菲律賓",3
"1020",2017,"桃園市","女","是","菲律賓",3
"1021",2003,"桃園市","女","是","越南",1
"1022",2005,"桃園市","女","是","越南",2
"1023",2008,"桃園市","女","是","越南",4
"1024",2009,"桃園市","女","是","越南",4
"1025",2010,"桃園市","女","是","越南",4
"1026",2011,"桃園市","女","是","越南",1
"1027",2012,"桃園市","女","是","越南",1
"1028",2014,"桃園市","女","是","越南",1
"1029",2015,"桃園市","女","是","越南",3
"1030",2016,"桃園市","女","是","越南",2
"1031",2017,"桃園市","女","是","越南",10
"1032",2013,"桃園市","女","是","新加坡",2
"1033",2016,"桃園市","女","是","新加坡",1
"1034",2007,"桃園市","女","是","緬甸",2
"1035",2008,"桃園市","女","是","緬甸",1
"1036",2010,"桃園市","女","是","緬甸",1
"1037",2013,"桃園市","女","是","緬甸",1
"1038",2017,"桃園市","女","是","緬甸",2
"1039",1998,"桃園市","男","否","None",2
"1040",2002,"桃園市","男","否","中華民國",6
"1041",2004,"桃園市","男","否","中華民國",1
"1042",2006,"桃園市","男","否","中華民國",1
"1043",2007,"桃園市","男","否","中華民國",1
"1044",2011,"桃園市","男","否","中華民國",1
"1045",2012,"桃園市","男","否","中華民國",5
"1046",2014,"桃園市","男","否","中華民國",4
"1047",2015,"桃園市","男","否","中華民國",29
"1048",2017,"桃園市","男","否","中華民國",1
"1049",1998,"桃園市","男","是","None",4
"1050",2000,"桃園市","男","是","None",3
"1051",2002,"桃園市","男","是","印尼",1
"1052",2003,"桃園市","男","是","印尼",3
"1053",2004,"桃園市","男","是","印尼",3
"1054",2005,"桃園市","男","是","印尼",3
"1055",2007,"桃園市","男","是","印尼",3
"1056",2008,"桃園市","男","是","印尼",6
"1057",2009,"桃園市","男","是","印尼",6
"1058",2010,"桃園市","男","是","印尼",10
"1059",2011,"桃園市","男","是","印尼",5
"1060",2012,"桃園市","男","是","印尼",4
"1061",2013,"桃園市","男","是","印尼",4
"1062",2014,"桃園市","男","是","印尼",5
"1063",2015,"桃園市","男","是","印尼",5
"1064",2016,"桃園市","男","是","印尼",10
"1065",2017,"桃園市","男","是","印尼",1
"1066",2009,"桃園市","男","是","印度",1
"1067",2010,"桃園市","男","是","印度",1
"1068",2013,"桃園市","男","是","印度",1
"1069",2015,"桃園市","男","是","印度",1
"1070",2017,"桃園市","男","是","印度",1
"1071",2005,"桃園市","男","是","孟加拉",1
"1072",2012,"桃園市","男","是","孟加拉",1
"1073",2005,"桃園市","男","是","柬埔寨",1
"1074",2006,"桃園市","男","是","柬埔寨",1
"1075",2008,"桃園市","男","是","柬埔寨",1
"1076",2011,"桃園市","男","是","柬埔寨",1
"1077",2012,"桃園市","男","是","柬埔寨",1
"1078",2017,"桃園市","男","是","柬埔寨",1
"1079",2002,"桃園市","男","是","泰國",1
"1080",2003,"桃園市","男","是","泰國",1
"1081",2004,"桃園市","男","是","泰國",2
"1082",2005,"桃園市","男","是","泰國",1
"1083",2006,"桃園市","男","是","泰國",4
"1084",2008,"桃園市","男","是","泰國",3
"1085",2009,"桃園市","男","是","泰國",2
"1086",2010,"桃園市","男","是","泰國",3
"1087",2011,"桃園市","男","是","泰國",3
"1088",2012,"桃園市","男","是","泰國",2
"1089",2013,"桃園市","男","是","泰國",7
"1090",2015,"桃園市","男","是","泰國",2
"1091",2016,"桃園市","男","是","泰國",1
"1092",2017,"桃園市","男","是","泰國",2
"1093",2010,"桃園市","男","是","馬來西亞",1
"1094",2012,"桃園市","男","是","馬來西亞",2
"1095",2013,"桃園市","男","是","馬來西亞",3
"1096",2014,"桃園市","男","是","馬來西亞",3
"1097",2015,"桃園市","男","是","馬來西亞",1
"1098",2016,"桃園市","男","是","馬來西亞",4
"1099",2017,"桃園市","男","是","馬來西亞",3
"1100",2016,"桃園市","男","是","馬爾地夫",1
"1101",2004,"桃園市","男","是","菲律賓",2
"1102",2005,"桃園市","男","是","菲律賓",2
"1103",2006,"桃園市","男","是","菲律賓",3
"1104",2007,"桃園市","男","是","菲律賓",1
"1105",2008,"桃園市","男","是","菲律賓",1
"1106",2009,"桃園市","男","是","菲律賓",1
"1107",2010,"桃園市","男","是","菲律賓",3
"1108",2011,"桃園市","男","是","菲律賓",2
"1109",2012,"桃園市","男","是","菲律賓",4
"1110",2013,"桃園市","男","是","菲律賓",7
"1111",2014,"桃園市","男","是","菲律賓",4
"1112",2015,"桃園市","男","是","菲律賓",3
"1113",2016,"桃園市","男","是","菲律賓",3
"1114",2017,"桃園市","男","是","菲律賓",1
"1115",2018,"桃園市","男","是","菲律賓",1
"1116",2004,"桃園市","男","是","越南",1
"1117",2005,"桃園市","男","是","越南",2
"1118",2006,"桃園市","男","是","越南",4
"1119",2007,"桃園市","男","是","越南",3
"1120",2008,"桃園市","男","是","越南",4
"1121",2009,"桃園市","男","是","越南",6
"1122",2010,"桃園市","男","是","越南",2
"1123",2011,"桃園市","男","是","越南",3
"1124",2012,"桃園市","男","是","越南",1
"1125",2013,"桃園市","男","是","越南",1
"1126",2015,"桃園市","男","是","越南",4
"1127",2016,"桃園市","男","是","越南",3
"1128",2017,"桃園市","男","是","越南",7
"1129",2004,"桃園市","男","是","新加坡",1
"1130",2005,"桃園市","男","是","新加坡",1
"1131",2008,"桃園市","男","是","新加坡",2
"1132",2010,"桃園市","男","是","新加坡",1
"1133",2010,"桃園市","男","是","寮國",1
"1134",2003,"桃園市","男","是","緬甸",1
"1135",2005,"桃園市","男","是","緬甸",1
"1136",2008,"桃園市","男","是","緬甸",1
"1137",2013,"桃園市","男","是","緬甸",1
"1138",2014,"桃園市","男","是","緬甸",1
"1139",2015,"桃園市","男","是","緬甸",2
"1140",2017,"桃園市","男","是","緬甸",6
"1141",1998,"高雄市","女","否","None",60
"1142",1999,"高雄市","女","否","None",15
"1143",2002,"高雄市","女","否","None",1008
"1144",2003,"高雄市","女","否","None",8
"1145",1998,"高雄市","女","否","中華民國",1
"1146",2001,"高雄市","女","否","中華民國",114
"1147",2002,"高雄市","女","否","中華民國",1586
"1148",2003,"高雄市","女","否","中華民國",24
"1149",2004,"高雄市","女","否","中華民國",21
"1150",2005,"高雄市","女","否","中華民國",75
"1151",2006,"高雄市","女","否","中華民國",505
"1152",2007,"高雄市","女","否","中華民國",86
"1153",2008,"高雄市","女","否","中華民國",199
"1154",2009,"高雄市","女","否","中華民國",405
"1155",2010,"高雄市","女","否","中華民國",563
"1156",2011,"高雄市","女","否","中華民國",589
"1157",2012,"高雄市","女","否","中華民國",277
"1158",2013,"高雄市","女","否","中華民國",33
"1159",2014,"高雄市","女","否","中華民國",7582
"1160",2015,"高雄市","女","否","中華民國",9908
"1161",2016,"高雄市","女","否","中華民國",163
"1162",2017,"高雄市","女","否","中華民國",1
"1163",1998,"高雄市","女","是","None",1
"1164",1999,"高雄市","女","是","None",2
"1165",2014,"高雄市","女","是","中國大陸",3
"1166",2015,"高雄市","女","是","中國大陸",1
"1167",2014,"高雄市","女","是","日本",1
"1168",2010,"高雄市","女","是","未知",1
"1169",2003,"高雄市","女","是","印尼",1
"1170",2006,"高雄市","女","是","印尼",1
"1171",2007,"高雄市","女","是","印尼",3
"1172",2008,"高雄市","女","是","印尼",1
"1173",2009,"高雄市","女","是","印尼",1
"1174",2010,"高雄市","女","是","印尼",3
"1175",2011,"高雄市","女","是","印尼",3
"1176",2012,"高雄市","女","是","印尼",1
"1177",2013,"高雄市","女","是","印尼",5
"1178",2014,"高雄市","女","是","印尼",3
"1179",2015,"高雄市","女","是","印尼",6
"1180",2016,"高雄市","女","是","印尼",1
"1181",2017,"高雄市","女","是","印尼",1
"1182",2005,"高雄市","女","是","印度",1
"1183",2017,"高雄市","女","是","印度",1
"1184",2014,"高雄市","女","是","吐瓦魯",1
"1185",2017,"高雄市","女","是","孟加拉",1
"1186",2001,"高雄市","女","是","柬埔寨",1
"1187",2008,"高雄市","女","是","柬埔寨",2
"1188",2009,"高雄市","女","是","柬埔寨",1
"1189",2012,"高雄市","女","是","柬埔寨",1
"1190",2015,"高雄市","女","是","柬埔寨",1
"1191",2016,"高雄市","女","是","柬埔寨",1
"1192",2001,"高雄市","女","是","泰國",1
"1193",2002,"高雄市","女","是","泰國",1
"1194",2004,"高雄市","女","是","泰國",1
"1195",2006,"高雄市","女","是","泰國",1
"1196",2010,"高雄市","女","是","泰國",1
"1197",2012,"高雄市","女","是","泰國",1
"1198",2013,"高雄市","女","是","泰國",3
"1199",2014,"高雄市","女","是","泰國",1
"1200",2015,"高雄市","女","是","泰國",2
"1201",2016,"高雄市","女","是","泰國",2
"1202",2006,"高雄市","女","是","馬來西亞",1
"1203",2009,"高雄市","女","是","馬來西亞",1
"1204",2011,"高雄市","女","是","馬來西亞",1
"1205",2014,"高雄市","女","是","馬來西亞",3
"1206",2015,"高雄市","女","是","馬來西亞",5
"1207",2016,"高雄市","女","是","馬來西亞",2
"1208",2017,"高雄市","女","是","馬來西亞",1
"1209",2016,"高雄市","女","是","馬爾地夫",1
"1210",2013,"高雄市","女","是","斯里蘭卡",1
"1211",2005,"高雄市","女","是","菲律賓",1
"1212",2006,"高雄市","女","是","菲律賓",1
"1213",2008,"高雄市","女","是","菲律賓",2
"1214",2009,"高雄市","女","是","菲律賓",1
"1215",2010,"高雄市","女","是","菲律賓",4
"1216",2011,"高雄市","女","是","菲律賓",1
"1217",2012,"高雄市","女","是","菲律賓",4
"1218",2013,"高雄市","女","是","菲律賓",2
"1219",2014,"高雄市","女","是","菲律賓",2
"1220",2015,"高雄市","女","是","菲律賓",3
"1221",2016,"高雄市","女","是","菲律賓",3
"1222",2018,"高雄市","女","是","菲律賓",1
"1223",2001,"高雄市","女","是","越南",2
"1224",2003,"高雄市","女","是","越南",1
"1225",2004,"高雄市","女","是","越南",2
"1226",2006,"高雄市","女","是","越南",1
"1227",2007,"高雄市","女","是","越南",2
"1228",2009,"高雄市","女","是","越南",1
"1229",2010,"高雄市","女","是","越南",2
"1230",2012,"高雄市","女","是","越南",1
"1231",2014,"高雄市","女","是","越南",2
"1232",2015,"高雄市","女","是","越南",1
"1233",2016,"高雄市","女","是","越南",1
"1234",2017,"高雄市","女","是","越南",4
"1235",2018,"高雄市","女","是","越南",1
"1236",2004,"高雄市","女","是","新加坡",1
"1237",2015,"高雄市","女","是","新加坡",4
"1238",2016,"高雄市","女","是","新加坡",2
"1239",2017,"高雄市","女","是","新加坡",1
"1240",2001,"高雄市","女","是","緬甸",2
"1241",2004,"高雄市","女","是","緬甸",2
"1242",2006,"高雄市","女","是","緬甸",1
"1243",2016,"高雄市","女","是","緬甸",1
"1244",2017,"高雄市","女","是","緬甸",1
"1245",1998,"高雄市","男","否","None",45
"1246",1999,"高雄市","男","否","None",18
"1247",2000,"高雄市","男","否","None",1
"1248",2002,"高雄市","男","否","None",841
"1249",2003,"高雄市","男","否","None",6
"1250",2001,"高雄市","男","否","中華民國",102
"1251",2002,"高雄市","男","否","中華民國",1376
"1252",2003,"高雄市","男","否","中華民國",33
"1253",2004,"高雄市","男","否","中華民國",27
"1254",2005,"高雄市","男","否","中華民國",61
"1255",2006,"高雄市","男","否","中華民國",437
"1256",2007,"高雄市","男","否","中華民國",95
"1257",2008,"高雄市","男","否","中華民國",225
"1258",2009,"高雄市","男","否","中華民國",343
"1259",2010,"高雄市","男","否","中華民國",512
"1260",2011,"高雄市","男","否","中華民國",579
"1261",2012,"高雄市","男","否","中華民國",230
"1262",2013,"高雄市","男","否","中華民國",37
"1263",2014,"高雄市","男","否","中華民國",7417
"1264",2015,"高雄市","男","否","中華民國",9815
"1265",2016,"高雄市","男","否","中華民國",179
"1266",2017,"高雄市","男","否","中華民國",2
"1267",1998,"高雄市","男","是","None",3
"1268",1999,"高雄市","男","是","None",5
"1269",2000,"高雄市","男","是","None",2
"1270",2001,"高雄市","男","是","中國大陸",1
"1271",2004,"高雄市","男","是","中國大陸",1
"1272",2013,"高雄市","男","是","中國大陸",1
"1273",2014,"高雄市","男","是","中國大陸",7
"1274",2012,"高雄市","男","是","巴布亞紐幾內亞",1
"1275",2000,"高雄市","男","是","印尼",1
"1276",2001,"高雄市","男","是","印尼",1
"1277",2002,"高雄市","男","是","印尼",1
"1278",2005,"高雄市","男","是","印尼",2
"1279",2006,"高雄市","男","是","印尼",2
"1280",2007,"高雄市","男","是","印尼",4
"1281",2008,"高雄市","男","是","印尼",5
"1282",2009,"高雄市","男","是","印尼",3
"1283",2010,"高雄市","男","是","印尼",4
"1284",2011,"高雄市","男","是","印尼",1
"1285",2012,"高雄市","男","是","印尼",5
"1286",2013,"高雄市","男","是","印尼",7
"1287",2014,"高雄市","男","是","印尼",3
"1288",2015,"高雄市","男","是","印尼",11
"1289",2016,"高雄市","男","是","印尼",4
"1290",2017,"高雄市","男","是","印尼",1
"1291",2018,"高雄市","男","是","印尼",1
"1292",2004,"高雄市","男","是","印度",1
"1293",2009,"高雄市","男","是","印度",1
"1294",2009,"高雄市","男","是","孟加拉",1
"1295",2015,"高雄市","男","是","南非",1
"1296",2007,"高雄市","男","是","柬埔寨",1
"1297",2009,"高雄市","男","是","柬埔寨",1
"1298",2010,"高雄市","男","是","柬埔寨",2
"1299",2011,"高雄市","男","是","柬埔寨",1
"1300",2014,"高雄市","男","是","柬埔寨",1
"1301",2015,"高雄市","男","是","柬埔寨",1
"1302",2016,"高雄市","男","是","柬埔寨",1
"1303",2017,"高雄市","男","是","柬埔寨",1
"1304",2001,"高雄市","男","是","美屬薩摩亞",1
"1305",2003,"高雄市","男","是","泰國",1
"1306",2006,"高雄市","男","是","泰國",1
"1307",2007,"高雄市","男","是","泰國",1
"1308",2008,"高雄市","男","是","泰國",2
"1309",2010,"高雄市","男","是","泰國",3
"1310",2011,"高雄市","男","是","泰國",3
"1311",2012,"高雄市","男","是","泰國",1
"1312",2013,"高雄市","男","是","泰國",1
"1313",2014,"高雄市","男","是","泰國",3
"1314",2015,"高雄市","男","是","泰國",4
"1315",2016,"高雄市","男","是","泰國",1
"1316",2017,"高雄市","男","是","泰國",3
"1317",2003,"高雄市","男","是","馬來西亞",1
"1318",2006,"高雄市","男","是","馬來西亞",1
"1319",2007,"高雄市","男","是","馬來西亞",1
"1320",2010,"高雄市","男","是","馬來西亞",1
"1321",2012,"高雄市","男","是","馬來西亞",1
"1322",2014,"高雄市","男","是","馬來西亞",5
"1323",2015,"高雄市","男","是","馬來西亞",3
"1324",2016,"高雄市","男","是","馬來西亞",2
"1325",2017,"高雄市","男","是","馬來西亞",4
"1326",2018,"高雄市","男","是","馬來西亞",1
"1327",2017,"高雄市","男","是","馬紹爾群島",1
"1328",2015,"高雄市","男","是","馬爾地夫",2
"1329",2003,"高雄市","男","是","斯里蘭卡",1
"1330",2009,"高雄市","男","是","斯里蘭卡",1
"1331",2013,"高雄市","男","是","斯里蘭卡",2
"1332",2017,"高雄市","男","是","斯里蘭卡",1
"1333",2004,"高雄市","男","是","菲律賓",1
"1334",2006,"高雄市","男","是","菲律賓",1
"1335",2007,"高雄市","男","是","菲律賓",3
"1336",2008,"高雄市","男","是","菲律賓",3
"1337",2009,"高雄市","男","是","菲律賓",1
"1338",2010,"高雄市","男","是","菲律賓",3
"1339",2011,"高雄市","男","是","菲律賓",2
"1340",2012,"高雄市","男","是","菲律賓",7
"1341",2013,"高雄市","男","是","菲律賓",5
"1342",2014,"高雄市","男","是","菲律賓",5
"1343",2015,"高雄市","男","是","菲律賓",8
"1344",2016,"高雄市","男","是","菲律賓",10
"1345",2017,"高雄市","男","是","菲律賓",4
"1346",2018,"高雄市","男","是","菲律賓",1
"1347",2001,"高雄市","男","是","越南",1
"1348",2003,"高雄市","男","是","越南",1
"1349",2004,"高雄市","男","是","越南",1
"1350",2005,"高雄市","男","是","越南",3
"1351",2006,"高雄市","男","是","越南",3
"1352",2007,"高雄市","男","是","越南",5
"1353",2008,"高雄市","男","是","越南",4
"1354",2009,"高雄市","男","是","越南",12
"1355",2010,"高雄市","男","是","越南",7
"1356",2011,"高雄市","男","是","越南",4
"1357",2013,"高雄市","男","是","越南",2
"1358",2014,"高雄市","男","是","越南",1
"1359",2015,"高雄市","男","是","越南",4
"1360",2016,"高雄市","男","是","越南",4
"1361",2017,"高雄市","男","是","越南",8
"1362",2004,"高雄市","男","是","新加坡",1
"1363",2007,"高雄市","男","是","新加坡",1
"1364",2012,"高雄市","男","是","新加坡",1
"1365",2013,"高雄市","男","是","新加坡",1
"1366",2014,"高雄市","男","是","新加坡",3
"1367",2015,"高雄市","男","是","新加坡",1
"1368",2016,"高雄市","男","是","新加坡",1
"1369",2013,"高雄市","男","是","寮國",1
"1370",2001,"高雄市","男","是","緬甸",2
"1371",2004,"高雄市","男","是","緬甸",1
"1372",2005,"高雄市","男","是","緬甸",1
"1373",2012,"高雄市","男","是","緬甸",1
"1374",2013,"高雄市","男","是","緬甸",1
"1375",2015,"高雄市","男","是","緬甸",1
"1376",2017,"高雄市","男","是","緬甸",1
"1377",2015,"高雄市","男","是","澳大利亞",2
"1378",2006,"基隆市","女","否","中華民國",1
"1379",2015,"基隆市","女","否","中華民國",4
"1380",2010,"基隆市","女","是","印尼",1
"1381",2013,"基隆市","女","是","印尼",1
"1382",2017,"基隆市","女","是","柬埔寨",1
"1383",2014,"基隆市","女","是","馬來西亞",1
"1384",2013,"基隆市","女","是","斯里蘭卡",1
"1385",2009,"基隆市","女","是","菲律賓",1
"1386",2011,"基隆市","女","是","菲律賓",1
"1387",2004,"基隆市","女","是","越南",1
"1388",2008,"基隆市","女","是","越南",2
"1389",2010,"基隆市","女","是","越南",1
"1390",2017,"基隆市","女","是","緬甸",1
"1391",2008,"基隆市","男","否","中華民國",1
"1392",2015,"基隆市","男","否","中華民國",3
"1393",2000,"基隆市","男","是","None",1
"1394",2011,"基隆市","男","是","印尼",1
"1395",2016,"基隆市","男","是","印尼",2
"1396",2017,"基隆市","男","是","帛琉群島",1
"1397",2008,"基隆市","男","是","柬埔寨",1
"1398",2009,"基隆市","男","是","柬埔寨",1
"1399",2015,"基隆市","男","是","柬埔寨",1
"1400",2007,"基隆市","男","是","馬來西亞",1
"1401",2007,"基隆市","男","是","菲律賓",2
"1402",2009,"基隆市","男","是","菲律賓",2
"1403",2011,"基隆市","男","是","菲律賓",1
"1404",2012,"基隆市","男","是","菲律賓",1
"1405",2002,"基隆市","男","是","越南",1
"1406",2004,"基隆市","男","是","越南",1
"1407",2008,"基隆市","男","是","越南",1
"1408",2010,"基隆市","男","是","越南",1
"1409",2015,"基隆市","男","是","越南",1
"1410",2002,"連江縣","男","否","None",1
"1411",2015,"連江縣","男","否","中華民國",1
"1412",2002,"雲林縣","女","否","None",2
"1413",2007,"雲林縣","女","否","中華民國",1
"1414",2014,"雲林縣","女","否","中華民國",2
"1415",2015,"雲林縣","女","否","中華民國",10
"1416",1998,"雲林縣","女","是","None",1
"1417",2005,"雲林縣","女","是","印尼",1
"1418",2008,"雲林縣","女","是","印尼",1
"1419",2009,"雲林縣","女","是","印尼",1
"1420",2011,"雲林縣","女","是","印尼",1
"1421",2013,"雲林縣","女","是","印尼",2
"1422",2016,"雲林縣","女","是","印尼",1
"1423",2017,"雲林縣","女","是","印尼",1
"1424",2003,"雲林縣","女","是","泰國",2
"1425",2004,"雲林縣","女","是","泰國",1
"1426",2016,"雲林縣","女","是","泰國",1
"1427",2011,"雲林縣","女","是","馬來西亞",1
"1428",2012,"雲林縣","女","是","菲律賓",1
"1429",2013,"雲林縣","女","是","菲律賓",1
"1430",2016,"雲林縣","女","是","菲律賓",1
"1431",2005,"雲林縣","女","是","越南",1
"1432",2006,"雲林縣","女","是","越南",1
"1433",2010,"雲林縣","女","是","越南",2
"1434",2012,"雲林縣","女","是","越南",2
"1435",2015,"雲林縣","女","是","越南",2
"1436",2016,"雲林縣","女","是","越南",1
"1437",2017,"雲林縣","女","是","越南",1
"1438",2003,"雲林縣","男","否","None",1
"1439",2012,"雲林縣","男","否","中華民國",1
"1440",2014,"雲林縣","男","否","中華民國",5
"1441",2015,"雲林縣","男","否","中華民國",14
"1442",1999,"雲林縣","男","是","None",1
"1443",2000,"雲林縣","男","是","None",2
"1444",2010,"雲林縣","男","是","印尼",1
"1445",2013,"雲林縣","男","是","印尼",2
"1446",2014,"雲林縣","男","是","印尼",1
"1447",2016,"雲林縣","男","是","印尼",1
"1448",2009,"雲林縣","男","是","柬埔寨",1
"1449",2001,"雲林縣","男","是","泰國",1
"1450",2014,"雲林縣","男","是","馬來西亞",1
"1451",2010,"雲林縣","男","是","菲律賓",1
"1452",2012,"雲林縣","男","是","菲律賓",1
"1453",2016,"雲林縣","男","是","菲律賓",1
"1454",2004,"雲林縣","男","是","越南",1
"1455",2005,"雲林縣","男","是","越南",2
"1456",2007,"雲林縣","男","是","越南",1
"1457",2008,"雲林縣","男","是","越南",2
"1458",2009,"雲林縣","男","是","越南",2
"1459",2010,"雲林縣","男","是","越南",1
"1460",2014,"雲林縣","男","是","越南",1
"1461",2015,"雲林縣","男","是","越南",1
"1462",2017,"雲林縣","男","是","越南",1
"1463",2008,"雲林縣","男","是","新加坡",1
"1464",2007,"雲林縣","男","是","緬甸",2
"1465",2014,"雲林縣","男","是","緬甸",1
"1466",2015,"雲林縣","男","是","緬甸",1
"1467",2001,"新北市","None","是","馬來西亞",1
"1468",1998,"新北市","女","否","None",5
"1469",2002,"新北市","女","否","中華民國",2
"1470",2006,"新北市","女","否","中華民國",1
"1471",2007,"新北市","女","否","中華民國",1
"1472",2008,"新北市","女","否","中華民國",5
"1473",2009,"新北市","女","否","中華民國",1
"1474",2010,"新北市","女","否","中華民國",10
"1475",2012,"新北市","女","否","中華民國",1
"1476",2014,"新北市","女","否","中華民國",6
"1477",2015,"新北市","女","否","中華民國",45
"1478",2016,"新北市","女","否","中華民國",1
"1479",2017,"新北市","女","否","中華民國",1
"1480",1998,"新北市","女","是","None",2
"1481",1999,"新北市","女","是","None",1
"1482",2001,"新北市","女","是","中國大陸",1
"1483",2015,"新北市","女","是","巴西",1
"1484",2008,"新北市","女","是","未知",1
"1485",2004,"新北市","女","是","印尼",1
"1486",2005,"新北市","女","是","印尼",2
"1487",2006,"新北市","女","是","印尼",2
"1488",2007,"新北市","女","是","印尼",4
"1489",2008,"新北市","女","是","印尼",2
"1490",2009,"新北市","女","是","印尼",7
"1491",2010,"新北市","女","是","印尼",9
"1492",2011,"新北市","女","是","印尼",1
"1493",2012,"新北市","女","是","印尼",1
"1494",2013,"新北市","女","是","印尼",6
"1495",2014,"新北市","女","是","印尼",7
"1496",2015,"新北市","女","是","印尼",9
"1497",2016,"新北市","女","是","印尼",12
"1498",2017,"新北市","女","是","印尼",2
"1499",2006,"新北市","女","是","印度",2
"1500",2010,"新北市","女","是","印度",1
"1501",2011,"新北市","女","是","印度",2
"1502",2012,"新北市","女","是","印度",2
"1503",2017,"新北市","女","是","印度",2
"1504",2008,"新北市","女","是","東加",3
"1505",2008,"新北市","女","是","柬埔寨",1
"1506",2009,"新北市","女","是","柬埔寨",1
"1507",2010,"新北市","女","是","柬埔寨",5
"1508",2011,"新北市","女","是","柬埔寨",1
"1509",2013,"新北市","女","是","柬埔寨",1
"1510",2016,"新北市","女","是","柬埔寨",2
"1511",2017,"新北市","女","是","柬埔寨",1
"1512",2001,"新北市","女","是","泰國",1
"1513",2002,"新北市","女","是","泰國",2
"1514",2004,"新北市","女","是","泰國",1
"1515",2007,"新北市","女","是","泰國",1
"1516",2008,"新北市","女","是","泰國",4
"1517",2010,"新北市","女","是","泰國",3
"1518",2013,"新北市","女","是","泰國",4
"1519",2015,"新北市","女","是","泰國",3
"1520",2016,"新北市","女","是","泰國",8
"1521",2017,"新北市","女","是","泰國",6
"1522",2005,"新北市","女","是","馬來西亞",1
"1523",2008,"新北市","女","是","馬來西亞",3
"1524",2010,"新北市","女","是","馬來西亞",2
"1525",2013,"新北市","女","是","馬來西亞",2
"1526",2014,"新北市","女","是","馬來西亞",9
"1527",2015,"新北市","女","是","馬來西亞",4
"1528",2016,"新北市","女","是","馬來西亞",4
"1529",2017,"新北市","女","是","馬來西亞",3
"1530",2018,"新北市","女","是","馬爾地夫",1
"1531",2013,"新北市","女","是","斐濟群島",1
"1532",2003,"新北市","女","是","菲律賓",1
"1533",2008,"新北市","女","是","菲律賓",3
"1534",2010,"新北市","女","是","菲律賓",4
"1535",2011,"新北市","女","是","菲律賓",5
"1536",2012,"新北市","女","是","菲律賓",5
"1537",2013,"新北市","女","是","菲律賓",1
"1538",2015,"新北市","女","是","菲律賓",5
"1539",2016,"新北市","女","是","菲律賓",3
"1540",2017,"新北市","女","是","菲律賓",2
"1541",2003,"新北市","女","是","越南",1
"1542",2004,"新北市","女","是","越南",2
"1543",2006,"新北市","女","是","越南",1
"1544",2007,"新北市","女","是","越南",1
"1545",2008,"新北市","女","是","越南",8
"1546",2009,"新北市","女","是","越南",2
"1547",2010,"新北市","女","是","越南",5
"1548",2011,"新北市","女","是","越南",1
"1549",2012,"新北市","女","是","越南",4
"1550",2013,"新北市","女","是","越南",1
"1551",2015,"新北市","女","是","越南",4
"1552",2016,"新北市","女","是","越南",3
"1553",2017,"新北市","女","是","越南",7
"1554",2004,"新北市","女","是","新加坡",1
"1555",2005,"新北市","女","是","新加坡",1
"1556",2016,"新北市","女","是","新加坡",1
"1557",2017,"新北市","女","是","新加坡",1
"1558",2001,"新北市","女","是","緬甸",2
"1559",2003,"新北市","女","是","緬甸",1
"1560",2006,"新北市","女","是","緬甸",1
"1561",2007,"新北市","女","是","緬甸",2
"1562",2008,"新北市","女","是","緬甸",5
"1563",2011,"新北市","女","是","緬甸",1
"1564",2012,"新北市","女","是","緬甸",2
"1565",2013,"新北市","女","是","緬甸",1
"1566",2014,"新北市","女","是","緬甸",2
"1567",2015,"新北市","女","是","緬甸",5
"1568",2016,"新北市","女","是","緬甸",4
"1569",2017,"新北市","女","是","緬甸",1
"1570",1998,"新北市","男","否","None",13
"1571",2000,"新北市","男","否","None",1
"1572",2002,"新北市","男","否","中華民國",6
"1573",2006,"新北市","男","否","中華民國",1
"1574",2008,"新北市","男","否","中華民國",7
"1575",2010,"新北市","男","否","中華民國",5
"1576",2011,"新北市","男","否","中華民國",4
"1577",2012,"新北市","男","否","中華民國",4
"1578",2013,"新北市","男","否","中華民國",1
"1579",2014,"新北市","男","否","中華民國",10
"1580",2015,"新北市","男","否","中華民國",41
"1581",2017,"新北市","男","否","中華民國",5
"1582",1998,"新北市","男","是","None",5
"1583",1999,"新北市","男","是","None",3
"1584",2000,"新北市","男","是","None",2
"1585",2008,"新北市","男","是","未知",1
"1586",2009,"新北市","男","是","未知",1
"1587",2010,"新北市","男","是","未知",2
"1588",2002,"新北市","男","是","印尼",2
"1589",2003,"新北市","男","是","印尼",3
"1590",2004,"新北市","男","是","印尼",2
"1591",2005,"新北市","男","是","印尼",5
"1592",2006,"新北市","男","是","印尼",2
"1593",2007,"新北市","男","是","印尼",3
"1594",2008,"新北市","男","是","印尼",1
"1595",2009,"新北市","男","是","印尼",4
"1596",2010,"新北市","男","是","印尼",3
"1597",2011,"新北市","男","是","印尼",3
"1598",2012,"新北市","男","是","印尼",4
"1599",2013,"新北市","男","是","印尼",2
"1600",2014,"新北市","男","是","印尼",3
"1601",2015,"新北市","男","是","印尼",7
"1602",2016,"新北市","男","是","印尼",8
"1603",2003,"新北市","男","是","印度",1
"1604",2006,"新北市","男","是","印度",1
"1605",2012,"新北市","男","是","印度",1
"1606",2013,"新北市","男","是","印度",2
"1607",2017,"新北市","男","是","印度",2
"1608",2008,"新北市","男","是","宏都拉斯",1
"1609",2006,"新北市","男","是","孟加拉",2
"1610",2011,"新北市","男","是","孟加拉",2
"1611",2014,"新北市","男","是","孟加拉",1
"1612",2008,"新北市","男","是","東加",1
"1613",2001,"新北市","男","是","柬埔寨",1
"1614",2006,"新北市","男","是","柬埔寨",1
"1615",2007,"新北市","男","是","柬埔寨",2
"1616",2010,"新北市","男","是","柬埔寨",8
"1617",2012,"新北市","男","是","柬埔寨",1
"1618",2013,"新北市","男","是","柬埔寨",1
"1619",2016,"新北市","男","是","柬埔寨",1
"1620",2001,"新北市","男","是","美屬薩摩亞",1
"1621",2002,"新北市","男","是","泰國",1
"1622",2005,"新北市","男","是","泰國",1
"1623",2006,"新北市","男","是","泰國",1
"1624",2007,"新北市","男","是","泰國",2
"1625",2008,"新北市","男","是","泰國",7
"1626",2009,"新北市","男","是","泰國",1
"1627",2010,"新北市","男","是","泰國",3
"1628",2011,"新北市","男","是","泰國",2
"1629",2012,"新北市","男","是","泰國",4
"1630",2013,"新北市","男","是","泰國",3
"1631",2015,"新北市","男","是","泰國",5
"1632",2016,"新北市","男","是","泰國",2
"1633",2017,"新北市","男","是","泰國",8
"1634",2004,"新北市","男","是","馬來西亞",1
"1635",2005,"新北市","男","是","馬來西亞",1
"1636",2007,"新北市","男","是","馬來西亞",2
"1637",2010,"新北市","男","是","馬來西亞",3
"1638",2011,"新北市","男","是","馬來西亞",2
"1639",2012,"新北市","男","是","馬來西亞",1
"1640",2014,"新北市","男","是","馬來西亞",11
"1641",2015,"新北市","男","是","馬來西亞",3
"1642",2016,"新北市","男","是","馬來西亞",3
"1643",2017,"新北市","男","是","馬來西亞",4
"1644",2016,"新北市","男","是","馬爾地夫",1
"1645",2017,"新北市","男","是","馬爾地夫",2
"1646",2001,"新北市","男","是","菲律賓",1
"1647",2004,"新北市","男","是","菲律賓",1
"1648",2005,"新北市","男","是","菲律賓",1
"1649",2006,"新北市","男","是","菲律賓",1
"1650",2008,"新北市","男","是","菲律賓",1
"1651",2009,"新北市","男","是","菲律賓",3
"1652",2010,"新北市","男","是","菲律賓",1
"1653",2011,"新北市","男","是","菲律賓",1
"1654",2012,"新北市","男","是","菲律賓",11
"1655",2013,"新北市","男","是","菲律賓",3
"1656",2014,"新北市","男","是","菲律賓",2
"1657",2015,"新北市","男","是","菲律賓",4
"1658",2016,"新北市","男","是","菲律賓",7
"1659",2017,"新北市","男","是","菲律賓",6
"1660",2018,"新北市","男","是","菲律賓",1
"1661",2003,"新北市","男","是","越南",1
"1662",2004,"新北市","男","是","越南",2
"1663",2006,"新北市","男","是","越南",4
"1664",2007,"新北市","男","是","越南",10
"1665",2008,"新北市","男","是","越南",5
"1666",2009,"新北市","男","是","越南",8
"1667",2010,"新北市","男","是","越南",7
"1668",2011,"新北市","男","是","越南",3
"1669",2012,"新北市","男","是","越南",2
"1670",2013,"新北市","男","是","越南",4
"1671",2015,"新北市","男","是","越南",7
"1672",2016,"新北市","男","是","越南",2
"1673",2017,"新北市","男","是","越南",8
"1674",2005,"新北市","男","是","新加坡",1
"1675",2011,"新北市","男","是","新加坡",1
"1676",2014,"新北市","男","是","新加坡",1
"1677",2015,"新北市","男","是","新加坡",1
"1678",2017,"新北市","男","是","新加坡",1
"1679",2010,"新北市","男","是","寮國",2
"1680",2001,"新北市","男","是","緬甸",3
"1681",2002,"新北市","男","是","緬甸",1
"1682",2005,"新北市","男","是","緬甸",2
"1683",2008,"新北市","男","是","緬甸",2
"1684",2009,"新北市","男","是","緬甸",3
"1685",2010,"新北市","男","是","緬甸",1
"1686",2011,"新北市","男","是","緬甸",1
"1687",2013,"新北市","男","是","緬甸",1
"1688",2014,"新北市","男","是","緬甸",2
"1689",2015,"新北市","男","是","緬甸",3
"1690",2016,"新北市","男","是","緬甸",1
"1691",2017,"新北市","男","是","緬甸",6
"1692",2014,"新竹市","女","否","中華民國",2
"1693",2015,"新竹市","女","否","中華民國",7
"1694",2008,"新竹市","女","是","印尼",1
"1695",2010,"新竹市","女","是","印尼",1
"1696",2016,"新竹市","女","是","印尼",2
"1697",2017,"新竹市","女","是","印尼",1
"1698",2003,"新竹市","女","是","印度",1
"1699",2010,"新竹市","女","是","泰國",1
"1700",2011,"新竹市","女","是","泰國",1
"1701",2012,"新竹市","女","是","泰國",1
"1702",2015,"新竹市","女","是","泰國",1
"1703",2016,"新竹市","女","是","泰國",1
"1704",2012,"新竹市","女","是","菲律賓",1
"1705",2013,"新竹市","女","是","菲律賓",1
"1706",2014,"新竹市","女","是","菲律賓",1
"1707",2015,"新竹市","女","是","菲律賓",1
"1708",2016,"新竹市","女","是","菲律賓",1
"1709",2017,"新竹市","女","是","菲律賓",1
"1710",2017,"新竹市","女","是","越南",1
"1711",1998,"新竹市","男","否","None",1
"1712",2002,"新竹市","男","否","中華民國",1
"1713",2014,"新竹市","男","否","中華民國",2
"1714",2015,"新竹市","男","否","中華民國",12
"1715",2003,"新竹市","男","是","印尼",2
"1716",2006,"新竹市","男","是","印尼",1
"1717",2007,"新竹市","男","是","印尼",1
"1718",2009,"新竹市","男","是","印尼",1
"1719",2013,"新竹市","男","是","印尼",1
"1720",2016,"新竹市","男","是","印尼",1
"1721",2013,"新竹市","男","是","印度",1
"1722",2015,"新竹市","男","是","印度",1
"1723",2004,"新竹市","男","是","泰國",1
"1724",2013,"新竹市","男","是","馬來西亞",1
"1725",2017,"新竹市","男","是","馬來西亞",1
"1726",2018,"新竹市","男","是","馬來西亞",1
"1727",2008,"新竹市","男","是","菲律賓",1
"1728",2009,"新竹市","男","是","菲律賓",1
"1729",2015,"新竹市","男","是","菲律賓",2
"1730",2016,"新竹市","男","是","菲律賓",2
"1731",2017,"新竹市","男","是","菲律賓",1
"1732",2006,"新竹市","男","是","越南",2
"1733",2015,"新竹市","男","是","越南",1
"1734",2017,"新竹市","男","是","越南",2
"1735",2015,"新竹市","男","是","緬甸",1
"1736",2014,"新竹縣","女","否","中華民國",1
"1737",2015,"新竹縣","女","否","中華民國",10
"1738",1998,"新竹縣","女","是","None",1
"1739",2006,"新竹縣","女","是","印尼",1
"1740",2008,"新竹縣","女","是","印尼",2
"1741",2010,"新竹縣","女","是","印尼",3
"1742",2012,"新竹縣","女","是","印尼",1
"1743",2013,"新竹縣","女","是","印尼",2
"1744",2014,"新竹縣","女","是","印尼",2
"1745",2015,"新竹縣","女","是","印尼",2
"1746",2016,"新竹縣","女","是","印尼",2
"1747",2013,"新竹縣","女","是","印度",1
"1748",2006,"新竹縣","女","是","柬埔寨",1
"1749",2008,"新竹縣","女","是","柬埔寨",2
"1750",2013,"新竹縣","女","是","泰國",5
"1751",2015,"新竹縣","女","是","泰國",1
"1752",2004,"新竹縣","女","是","馬來西亞",1
"1753",2016,"新竹縣","女","是","馬來西亞",1
"1754",2007,"新竹縣","女","是","菲律賓",2
"1755",2008,"新竹縣","女","是","菲律賓",1
"1756",2009,"新竹縣","女","是","菲律賓",2
"1757",2010,"新竹縣","女","是","菲律賓",1
"1758",2011,"新竹縣","女","是","菲律賓",1
"1759",2012,"新竹縣","女","是","菲律賓",3
"1760",2013,"新竹縣","女","是","菲律賓",1
"1761",2015,"新竹縣","女","是","菲律賓",1
"1762",2016,"新竹縣","女","是","菲律賓",2
"1763",2009,"新竹縣","女","是","越南",1
"1764",2017,"新竹縣","女","是","越南",2
"1765",2013,"新竹縣","女","是","緬甸",1
"1766",2007,"新竹縣","男","否","中華民國",1
"1767",2010,"新竹縣","男","否","中華民國",1
"1768",2014,"新竹縣","男","否","中華民國",1
"1769",2015,"新竹縣","男","否","中華民國",15
"1770",1998,"新竹縣","男","是","None",1
"1771",2003,"新竹縣","男","是","印尼",1
"1772",2004,"新竹縣","男","是","印尼",1
"1773",2006,"新竹縣","男","是","印尼",2
"1774",2008,"新竹縣","男","是","印尼",2
"1775",2009,"新竹縣","男","是","印尼",1
"1776",2010,"新竹縣","男","是","印尼",2
"1777",2012,"新竹縣","男","是","印尼",1
"1778",2016,"新竹縣","男","是","印尼",2
"1779",2010,"新竹縣","男","是","印度",1
"1780",2013,"新竹縣","男","是","印度",1
"1781",2012,"新竹縣","男","是","柬埔寨",1
"1782",2015,"新竹縣","男","是","柬埔寨",1
"1783",2011,"新竹縣","男","是","泰國",1
"1784",2013,"新竹縣","男","是","泰國",3
"1785",2015,"新竹縣","男","是","泰國",1
"1786",2016,"新竹縣","男","是","泰國",1
"1787",2017,"新竹縣","男","是","泰國",2
"1788",2010,"新竹縣","男","是","馬來西亞",1
"1789",2014,"新竹縣","男","是","馬來西亞",1
"1790",2015,"新竹縣","男","是","馬來西亞",2
"1791",2016,"新竹縣","男","是","馬來西亞",2
"1792",2003,"新竹縣","男","是","菲律賓",1
"1793",2009,"新竹縣","男","是","菲律賓",1
"1794",2013,"新竹縣","男","是","菲律賓",1
"1795",2014,"新竹縣","男","是","菲律賓",2
"1796",2015,"新竹縣","男","是","菲律賓",1
"1797",2016,"新竹縣","男","是","菲律賓",1
"1798",2017,"新竹縣","男","是","菲律賓",1
"1799",2008,"新竹縣","男","是","越南",2
"1800",2009,"新竹縣","男","是","越南",2
"1801",2017,"新竹縣","男","是","越南",2
"1802",2014,"嘉義市","女","否","中華民國",3
"1803",2015,"嘉義市","女","否","中華民國",8
"1804",2016,"嘉義市","女","否","中華民國",1
"1805",2015,"嘉義市","女","是","巴西",1
"1806",2001,"嘉義市","女","是","泰國",1
"1807",2006,"嘉義市","女","是","越南",1
"1808",2008,"嘉義市","女","是","越南",1
"1809",2010,"嘉義市","女","是","越南",1
"1810",2016,"嘉義市","女","是","越南",1
"1811",2017,"嘉義市","女","是","越南",1
"1812",2002,"嘉義市","男","否","None",2
"1813",2002,"嘉義市","男","否","中華民國",1
"1814",2005,"嘉義市","男","否","中華民國",1
"1815",2014,"嘉義市","男","否","中華民國",3
"1816",2015,"嘉義市","男","否","中華民國",13
"1817",1999,"嘉義市","男","是","None",1
"1818",2010,"嘉義市","男","是","印尼",1
"1819",2011,"嘉義市","男","是","印尼",1
"1820",2014,"嘉義市","男","是","印尼",1
"1821",2016,"嘉義市","男","是","印尼",1
"1822",2010,"嘉義市","男","是","泰國",1
"1823",2017,"嘉義市","男","是","泰國",1
"1824",2010,"嘉義市","男","是","菲律賓",1
"1825",2015,"嘉義市","男","是","菲律賓",3
"1826",2008,"嘉義市","男","是","越南",1
"1827",2012,"嘉義市","男","是","越南",1
"1828",2017,"嘉義市","男","是","越南",1
"1829",2016,"嘉義市","男","是","新加坡",1
"1830",1998,"嘉義縣","女","否","None",1
"1831",2002,"嘉義縣","女","否","中華民國",2
"1832",2010,"嘉義縣","女","否","中華民國",1
"1833",2012,"嘉義縣","女","否","中華民國",1
"1834",2015,"嘉義縣","女","否","中華民國",16
"1835",2010,"嘉義縣","女","是","印尼",4
"1836",2013,"嘉義縣","女","是","印尼",1
"1837",2014,"嘉義縣","女","是","印尼",1
"1838",2010,"嘉義縣","女","是","印度",1
"1839",2007,"嘉義縣","女","是","菲律賓",1
"1840",2004,"嘉義縣","女","是","越南",1
"1841",2007,"嘉義縣","女","是","越南",2
"1842",2009,"嘉義縣","女","是","越南",1
"1843",2010,"嘉義縣","女","是","越南",1
"1844",2011,"嘉義縣","女","是","越南",1
"1845",2017,"嘉義縣","女","是","越南",1
"1846",2002,"嘉義縣","男","否","中華民國",2
"1847",2009,"嘉義縣","男","否","中華民國",1
"1848",2013,"嘉義縣","男","否","中華民國",1
"1849",2014,"嘉義縣","男","否","中華民國",4
"1850",2015,"嘉義縣","男","否","中華民國",21
"1851",2000,"嘉義縣","男","是","None",1
"1852",2001,"嘉義縣","男","是","尼泊爾",1
"1853",2005,"嘉義縣","男","是","印尼",1
"1854",2010,"嘉義縣","男","是","印尼",1
"1855",2013,"嘉義縣","男","是","印尼",1
"1856",2014,"嘉義縣","男","是","印尼",1
"1857",2016,"嘉義縣","男","是","印尼",1
"1858",2009,"嘉義縣","男","是","泰國",1
"1859",2006,"嘉義縣","男","是","菲律賓",1
"1860",2017,"嘉義縣","男","是","菲律賓",1
"1861",2004,"嘉義縣","男","是","越南",1
"1862",2006,"嘉義縣","男","是","越南",1
"1863",2007,"嘉義縣","男","是","越南",5
"1864",2010,"嘉義縣","男","是","越南",1
"1865",2011,"嘉義縣","男","是","越南",2
"1866",2015,"嘉義縣","男","是","越南",1
"1867",2017,"嘉義縣","男","是","越南",2
"1868",2002,"嘉義縣","男","是","緬甸",1
"1869",2017,"嘉義縣","男","是","緬甸",1
"1870",1998,"彰化縣","女","否","None",1
"1871",2001,"彰化縣","女","否","中華民國",2
"1872",2002,"彰化縣","女","否","中華民國",1
"1873",2005,"彰化縣","女","否","中華民國",1
"1874",2008,"彰化縣","女","否","中華民國",1
"1875",2009,"彰化縣","女","否","中華民國",4
"1876",2014,"彰化縣","女","否","中華民國",3
"1877",2015,"彰化縣","女","否","中華民國",23
"1878",1998,"彰化縣","女","是","None",1
"1879",2000,"彰化縣","女","是","None",1
"1880",2001,"彰化縣","女","是","印尼",1
"1881",2006,"彰化縣","女","是","印尼",1
"1882",2009,"彰化縣","女","是","印尼",3
"1883",2010,"彰化縣","女","是","印尼",2
"1884",2012,"彰化縣","女","是","印尼",4
"1885",2013,"彰化縣","女","是","印尼",1
"1886",2015,"彰化縣","女","是","印尼",2
"1887",2016,"彰化縣","女","是","印尼",3
"1888",2017,"彰化縣","女","是","印尼",1
"1889",2002,"彰化縣","女","是","柬埔寨",1
"1890",2009,"彰化縣","女","是","柬埔寨",1
"1891",2009,"彰化縣","女","是","泰國",1
"1892",2013,"彰化縣","女","是","泰國",1
"1893",2014,"彰化縣","女","是","泰國",1
"1894",2017,"彰化縣","女","是","泰國",2
"1895",2016,"彰化縣","女","是","馬來西亞",2
"1896",2001,"彰化縣","女","是","菲律賓",1
"1897",2012,"彰化縣","女","是","菲律賓",1
"1898",2013,"彰化縣","女","是","菲律賓",1
"1899",2015,"彰化縣","女","是","菲律賓",1
"1900",2001,"彰化縣","女","是","越南",1
"1901",2004,"彰化縣","女","是","越南",1
"1902",2005,"彰化縣","女","是","越南",1
"1903",2006,"彰化縣","女","是","越南",1
"1904",2009,"彰化縣","女","是","越南",3
"1905",2010,"彰化縣","女","是","越南",1
"1906",2011,"彰化縣","女","是","越南",1
"1907",2012,"彰化縣","女","是","越南",1
"1908",2015,"彰化縣","女","是","越南",2
"1909",2017,"彰化縣","女","是","越南",4
"1910",2018,"彰化縣","女","是","越南",1
"1911",2008,"彰化縣","女","是","緬甸",2
"1912",2015,"彰化縣","女","是","緬甸",1
"1913",2002,"彰化縣","男","否","None",1
"1914",2001,"彰化縣","男","否","中華民國",1
"1915",2002,"彰化縣","男","否","中華民國",1
"1916",2007,"彰化縣","男","否","中華民國",1
"1917",2009,"彰化縣","男","否","中華民國",6
"1918",2014,"彰化縣","男","否","中華民國",1
"1919",2015,"彰化縣","男","否","中華民國",18
"1920",1998,"彰化縣","男","是","None",2
"1921",1999,"彰化縣","男","是","None",2
"1922",2000,"彰化縣","男","是","None",1
"1923",2009,"彰化縣","男","是","巴基斯坦",1
"1924",2002,"彰化縣","男","是","印尼",1
"1925",2005,"彰化縣","男","是","印尼",1
"1926",2009,"彰化縣","男","是","印尼",2
"1927",2010,"彰化縣","男","是","印尼",2
"1928",2013,"彰化縣","男","是","印尼",1
"1929",2014,"彰化縣","男","是","印尼",1
"1930",2016,"彰化縣","男","是","印尼",2
"1931",2017,"彰化縣","男","是","印尼",2
"1932",2018,"彰化縣","男","是","印尼",1
"1933",2015,"彰化縣","男","是","印度",1
"1934",2007,"彰化縣","男","是","孟加拉",1
"1935",2017,"彰化縣","男","是","孟加拉",1
"1936",2005,"彰化縣","男","是","柬埔寨",2
"1937",2011,"彰化縣","男","是","柬埔寨",1
"1938",2012,"彰化縣","男","是","柬埔寨",1
"1939",2003,"彰化縣","男","是","泰國",1
"1940",2004,"彰化縣","男","是","泰國",1
"1941",2009,"彰化縣","男","是","泰國",1
"1942",2011,"彰化縣","男","是","泰國",1
"1943",2012,"彰化縣","男","是","泰國",2
"1944",2013,"彰化縣","男","是","泰國",2
"1945",2015,"彰化縣","男","是","泰國",1
"1946",2016,"彰化縣","男","是","泰國",1
"1947",2017,"彰化縣","男","是","泰國",2
"1948",2013,"彰化縣","男","是","索羅門群島",1
"1949",2007,"彰化縣","男","是","馬來西亞",1
"1950",2008,"彰化縣","男","是","馬來西亞",1
"1951",2013,"彰化縣","男","是","馬來西亞",1
"1952",2014,"彰化縣","男","是","馬來西亞",2
"1953",2001,"彰化縣","男","是","菲律賓",1
"1954",2003,"彰化縣","男","是","菲律賓",1
"1955",2006,"彰化縣","男","是","菲律賓",1
"1956",2010,"彰化縣","男","是","菲律賓",1
"1957",2012,"彰化縣","男","是","菲律賓",1
"1958",2014,"彰化縣","男","是","菲律賓",1
"1959",2005,"彰化縣","男","是","越南",1
"1960",2006,"彰化縣","男","是","越南",1
"1961",2007,"彰化縣","男","是","越南",2
"1962",2008,"彰化縣","男","是","越南",3
"1963",2009,"彰化縣","男","是","越南",1
"1964",2010,"彰化縣","男","是","越南",2
"1965",2011,"彰化縣","男","是","越南",4
"1966",2012,"彰化縣","男","是","越南",2
"1967",2013,"彰化縣","男","是","越南",1
"1968",2015,"彰化縣","男","是","越南",1
"1969",2017,"彰化縣","男","是","越南",1
"1970",2004,"彰化縣","男","是","新加坡",1
"1971",2010,"彰化縣","男","是","聖文森",1
"1972",2015,"彰化縣","男","是","緬甸",1
"1973",2002,"澎湖縣","女","否","None",3
"1974",2002,"澎湖縣","女","否","中華民國",3
"1975",2011,"澎湖縣","女","否","中華民國",51
"1976",2014,"澎湖縣","女","否","中華民國",9
"1977",2015,"澎湖縣","女","否","中華民國",4
"1978",2013,"澎湖縣","女","是","印尼",2
"1979",2016,"澎湖縣","女","是","泰國",1
"1980",2002,"澎湖縣","男","否","None",5
"1981",2002,"澎湖縣","男","否","中華民國",1
"1982",2011,"澎湖縣","男","否","中華民國",47
"1983",2012,"澎湖縣","男","否","中華民國",2
"1984",2014,"澎湖縣","男","否","中華民國",7
"1985",2015,"澎湖縣","男","否","中華民國",12
"1986",2009,"澎湖縣","男","是","印尼",1
"1987",2017,"澎湖縣","男","是","印尼",1
